sampleNames;sample;Year;site;enrichment;enrichment;days;Period;folder;Info4;Expname;Experimentator;Csource;CsourceBeta;biomass.enriched;filter.fraction;oxygen;thiosulfate;ammonium;nitrite;nitrate;methylamine;cellulose;starch;veratric.acid;soil.seepage;necromass;R2A;leaf.leachate;16S.gene.copies.per.L;dev;PNK;Before
01-JS;01-JS;NA;H41;starch;13JA-II-DNA-JS;70;>3weeks;16-cellulose;13C;starch;MT;organic_defined;organic_defined;NA;0.2;oxic;no;no;no;no;no;no;yes;no;no;no;no;no;NA;NA;NA;organic_defined
02-JS;02-JS;NA;H41;starch;12SA-II-DNA-JS;70;>3weeks;16-cellulose;12C;starch;MT;organic_defined;organic_defined;NA;0.2;oxic;no;no;no;no;no;no;yes;no;no;no;no;no;NA;NA;NA;organic_defined
03-JS;03-JS;NA;H41;starch;13SA-III-DNA-JS;70;>3weeks;16-cellulose;13C;starch;MT;organic_defined;organic_defined;NA;0.2;oxic;no;no;no;no;no;no;yes;no;no;no;no;no;NA;NA;NA;organic_defined
04-JS;04-JS;NA;H41;cellulose;13c-CHA-T1-DNA-JS;70;>3weeks;16-cellulose;13C;cellulose;MT;organic_defined;organic_defined;NA;0.2;oxic;no;no;no;no;no;yes;no;no;no;no;no;no;NA;NA;NA;organic_defined
05-JS;05-JS;NA;H41;cellulose;13c-CHA-II-DNA-JS;70;>3weeks;16-cellulose;13C;cellulose;MT;organic_defined;organic_defined;NA;0.2;oxic;no;no;no;no;no;yes;no;no;no;no;no;no;NA;NA;NA;organic_defined
08-JS;08-JS;NA;H41;starch;12SA-I-2-DNA-JS;70;>3weeks;16-cellulose;12C;starch;MT;organic_defined;organic_defined;NA;0.2;oxic;no;no;no;no;no;no;yes;no;no;no;no;no;NA;NA;NA;organic_defined
09-JS;09-JS;NA;H41;starch;12SA-II-DNA-JS;70;>3weeks;16-cellulose;12C;starch;MT;organic_defined;organic_defined;NA;0.2;oxic;no;no;no;no;no;no;yes;no;no;no;no;no;NA;NA;NA;organic_defined
10-JS;10-JS;NA;H41;cellulose;12CH-A-II-1-JS;70;>3weeks;16-cellulose;12C;cellulose;MT;organic_defined;organic_defined;NA;0.2;oxic;no;no;no;no;no;yes;no;no;no;no;no;no;NA;NA;NA;organic_defined
1000A;1000A;2021;H41;Soil Seepage;Soil Seepage;1059;>3weeks;13-2021 01 14 Wills long term;13-Soil Seepage;SeepageLongterm;WAO;organic_undefined;organic_undefined;no;0.2;oxic;no;no;no;no;no;no;no;no;no;no;no;yes;NA;NA;NA;organic_undefined
1000B;1000B;2021;H41;Soil Seepage;Soil Seepage;1059;>3weeks;13-2021 01 14 Wills long term;13-Soil Seepage;SeepageLongterm;WAO;organic_undefined;organic_undefined;no;0.2;oxic;no;no;no;no;no;no;no;no;no;no;no;yes;NA;NA;NA;organic_undefined
100A;100A;2021;H41;Soil Seepage;Soil Seepage;1059;>3weeks;13-2021 01 14 Wills long term;13-Soil Seepage;SeepageLongterm;WAO;organic_undefined;organic_undefined;no;0.2;oxic;no;no;no;no;no;no;no;no;no;no;no;yes;NA;NA;NA;organic_undefined
100B;100B;2021;H41;Soil Seepage;Soil Seepage;1059;>3weeks;13-2021 01 14 Wills long term;13-Soil Seepage;SeepageLongterm;WAO;organic_undefined;organic_undefined;no;0.2;oxic;no;no;no;no;no;no;no;no;no;no;no;yes;NA;NA;NA;organic_undefined
10A;10A;2021;H41;Soil Seepage;Soil Seepage;1059;>3weeks;13-2021 01 14 Wills long term;13-Soil Seepage;SeepageLongterm;WAO;organic_undefined;organic_undefined;no;0.2;oxic;no;no;no;no;no;no;no;no;no;no;no;yes;NA;NA;NA;organic_undefined
10B;10B;2021;H41;Soil Seepage;Soil Seepage;1059;>3weeks;13-2021 01 14 Wills long term;13-Soil Seepage;SeepageLongterm;WAO;organic_undefined;organic_undefined;no;0.2;oxic;no;no;no;no;no;no;no;no;no;no;no;yes;NA;NA;NA;organic_undefined
10Me13C-L-A;10Me13C-L-A;2019;H41;Methanol;Methanol;39;>3weeks;10-2019 04 12 H41 Methanol;10-Methanol;MethanolSIP;MT;methylotrophy;methylotrophy;no;0.2;oxic;no;no;no;no;no;no;no;no;no;no;no;no;NA;NA;NA;methylotrophy
11-JS;11-JS;NA;H41;cellulose;12CHA-II-1-DNA-JS;70;>3weeks;16-cellulose;12C;cellulose;MT;organic_defined;organic_defined;NA;0.2;oxic;no;no;no;no;no;yes;no;no;no;no;no;no;NA;NA;NA;organic_defined
11Me13C-L-B;11Me13C-L-B;2019;H41;Methanol;Methanol;39;>3weeks;10-2019 04 12 H41 Methanol;10-Methanol;MethanolSIP;MT;methylotrophy;methylotrophy;no;0.2;oxic;no;no;no;no;no;no;no;no;no;no;no;no;NA;NA;NA;methylotrophy
12-JS;12-JS;NA;H41;cellulose;12CHA-II-2-DNA-JS;70;>3weeks;16-cellulose;12C;cellulose;MT;organic_defined;organic_defined;NA;0.2;oxic;no;no;no;no;no;yes;no;no;no;no;no;no;NA;NA;NA;organic_defined
12CT1A;12CT1A;2018;H41;Autotrophy;Autotrophy;21;3weeks;5-2018 11 21 H41 autotrophy;5-Autotrophy;H41AutoSIP;MT;autotrophy;autotrophy;yes;0.2;oxic;yes;yes;no;no;no;no;no;no;no;no;no;no;7.52E+07;7.52E+07;1.23E+07;autotrophy
12CT1B;12CT1B;2018;H41;Autotrophy;Autotrophy;21;3weeks;5-2018 11 21 H41 autotrophy;5-Autotrophy;H41AutoSIP;MT;autotrophy;autotrophy;yes;0.2;oxic;yes;yes;no;no;no;no;no;no;no;no;no;no;4.74E+07;4.74E+07;6.38E+06;autotrophy
12CT1C;12CT1C;2018;H41;Autotrophy;Autotrophy;21;3weeks;5-2018 11 21 H41 autotrophy;5-Autotrophy;H41AutoSIP;MT;autotrophy;autotrophy;yes;0.2;oxic;yes;yes;no;no;no;no;no;no;no;no;no;no;4.74E+07;4.74E+07;4.70E+06;autotrophy
12CT2A;12CT2A;2018;H41;Autotrophy;Autotrophy;43;>3weeks;5-2018 11 21 H41 autotrophy;5-Autotrophy;H41AutoSIP;MT;autotrophy;autotrophy;yes;0.2;oxic;yes;yes;no;no;no;no;no;no;no;no;no;no;2.50E+07;2.50E+07;3.68E+06;autotrophy
12CT2B;12CT2B;2018;H41;Autotrophy;Autotrophy;43;>3weeks;5-2018 11 21 H41 autotrophy;5-Autotrophy;H41AutoSIP;MT;autotrophy;autotrophy;yes;0.2;oxic;yes;yes;no;no;no;no;no;no;no;no;no;no;1.77E+07;1.77E+07;3.22E+06;autotrophy
12CT2C;12CT2C;2018;H41;Autotrophy;Autotrophy;43;>3weeks;5-2018 11 21 H41 autotrophy;5-Autotrophy;H41AutoSIP;MT;autotrophy;autotrophy;yes;0.2;oxic;yes;yes;no;no;no;no;no;no;no;no;no;no;2.10E+07;2.10E+07;1.87E+06;autotrophy
12CT3A;12CT3A;2018;H41;Autotrophy;Autotrophy;70;>3weeks;5-2018 11 21 H41 autotrophy;5-Autotrophy;H41AutoSIP;MT;autotrophy;autotrophy;yes;0.2;oxic;yes;yes;no;no;no;no;no;no;no;no;no;no;3.28E+07;3.28E+07;3.68E+06;autotrophy
12CT3B;12CT3B;2018;H41;Autotrophy;Autotrophy;70;>3weeks;5-2018 11 21 H41 autotrophy;5-Autotrophy;H41AutoSIP;MT;autotrophy;autotrophy;yes;0.2;oxic;yes;yes;no;no;no;no;no;no;no;no;no;no;3.86E+07;3.86E+07;8.30E+06;autotrophy
12CT3C;12CT3C;2018;H41;Autotrophy;Autotrophy;70;>3weeks;5-2018 11 21 H41 autotrophy;5-Autotrophy;H41AutoSIP;MT;autotrophy;autotrophy;yes;0.2;oxic;yes;yes;no;no;no;no;no;no;no;no;no;no;4.48E+07;4.48E+07;3.68E+06;autotrophy
12LA;12LA;2018;H52;Autotrophy;Autotrophy;41;>3weeks;8-H52 Autotrophy SIP;8-Autotrophy;H52AutoSIPtest;MT;autotrophy;autotrophy;no;0.2;anoxic;yes;yes;no;yes;no;no;no;no;no;no;no;no;NA;NA;NA;autotrophy
12LB;12LB;2018;H52;Autotrophy;Autotrophy;41;>3weeks;8-H52 Autotrophy SIP;8-Autotrophy;H52AutoSIPtest;MT;autotrophy;autotrophy;no;0.2;anoxic;yes;yes;no;yes;no;no;no;no;no;no;no;no;NA;NA;NA;autotrophy
12LC;12LC;2018;H52;Autotrophy;Autotrophy;41;>3weeks;8-H52 Autotrophy SIP;8-Autotrophy;H52AutoSIPtest;MT;autotrophy;autotrophy;no;0.2;anoxic;yes;yes;no;yes;no;no;no;no;no;no;no;no;NA;NA;NA;autotrophy
12Me13C-L-C;12Me13C-L-C;2019;H41;Methanol;Methanol;39;>3weeks;10-2019 04 12 H41 Methanol;10-Methanol;MethanolSIP;MT;methylotrophy;methylotrophy;no;0.2;oxic;no;no;no;no;no;no;no;no;no;no;no;no;NA;NA;NA;methylotrophy
12SA;12SA;2018;H52;Autotrophy;Autotrophy;7;1week;8-H52 Autotrophy SIP;8-Autotrophy;H52AutoSIPtest;MT;autotrophy;autotrophy;no;0.2;anoxic;yes;yes;no;yes;no;no;no;no;no;no;no;no;NA;NA;NA;autotrophy
12SB;12SB;2018;H52;Autotrophy;Autotrophy;7;1week;8-H52 Autotrophy SIP;8-Autotrophy;H52AutoSIPtest;MT;autotrophy;autotrophy;no;0.2;anoxic;yes;yes;no;yes;no;no;no;no;no;no;no;no;NA;NA;NA;autotrophy
12SC;12SC;2018;H52;Autotrophy;Autotrophy;7;1week;8-H52 Autotrophy SIP;8-Autotrophy;H52AutoSIPtest;MT;autotrophy;autotrophy;no;0.2;anoxic;yes;yes;no;yes;no;no;no;no;no;no;no;no;NA;NA;NA;autotrophy
13-JS;13-JS;NA;H41;starch;13SA-I-1-DNA-JS;70;>3weeks;16-cellulose;13C;starch;MT;organic_defined;organic_defined;NA;0.2;oxic;no;no;no;no;no;no;yes;no;no;no;no;no;NA;NA;NA;organic_defined
13CT1B;13CT1B;2018;H41;Autotrophy;Autotrophy;21;3weeks;5-2018 11 21 H41 autotrophy;5-Autotrophy;H41AutoSIP;MT;autotrophy;autotrophy;yes;0.2;oxic;yes;yes;no;no;no;no;no;no;no;no;no;no;3.12E+07;3.12E+07;4.92E+06;autotrophy
13CT1C;13CT1C;2018;H41;Autotrophy;Autotrophy;21;3weeks;5-2018 11 21 H41 autotrophy;5-Autotrophy;H41AutoSIP;MT;autotrophy;autotrophy;yes;0.2;oxic;yes;yes;no;no;no;no;no;no;no;no;no;no;4.12E+07;4.12E+07;3.48E+06;autotrophy
13CT2A;13CT2A;2018;H41;Autotrophy;Autotrophy;43;>3weeks;5-2018 11 21 H41 autotrophy;5-Autotrophy;H41AutoSIP;MT;autotrophy;autotrophy;yes;0.2;oxic;yes;yes;no;no;no;no;no;no;no;no;no;no;2.86E+07;2.86E+07;4.08E+06;autotrophy
13CT2B;13CT2B;2018;H41;Autotrophy;Autotrophy;43;>3weeks;5-2018 11 21 H41 autotrophy;5-Autotrophy;H41AutoSIP;MT;autotrophy;autotrophy;yes;0.2;oxic;yes;yes;no;no;no;no;no;no;no;no;no;no;2.10E+07;2.10E+07;2.82E+06;autotrophy
13CT2C;13CT2C;2018;H41;Autotrophy;Autotrophy;43;>3weeks;5-2018 11 21 H41 autotrophy;5-Autotrophy;H41AutoSIP;MT;autotrophy;autotrophy;yes;0.2;oxic;yes;yes;no;no;no;no;no;no;no;no;no;no;4.66E+07;4.66E+07;3.84E+06;autotrophy
13CT3A;13CT3A;2018;H41;Autotrophy;Autotrophy;70;>3weeks;5-2018 11 21 H41 autotrophy;5-Autotrophy;H41AutoSIP;MT;autotrophy;autotrophy;yes;0.2;oxic;yes;yes;no;no;no;no;no;no;no;no;no;no;3.14E+07;3.14E+07;1.15E+06;autotrophy
13CT3B;13CT3B;2018;H41;Autotrophy;Autotrophy;70;>3weeks;5-2018 11 21 H41 autotrophy;5-Autotrophy;H41AutoSIP;MT;autotrophy;autotrophy;yes;0.2;oxic;yes;yes;no;no;no;no;no;no;no;no;no;no;3.58E+07;3.58E+07;5.50E+06;autotrophy
13CT3C;13CT3C;2018;H41;Autotrophy;Autotrophy;70;>3weeks;5-2018 11 21 H41 autotrophy;5-Autotrophy;H41AutoSIP;MT;autotrophy;autotrophy;yes;0.2;oxic;yes;yes;no;no;no;no;no;no;no;no;no;no;6.56E+07;6.56E+07;9.04E+06;autotrophy
13LA;13LA;2018;H52;Autotrophy;Autotrophy;41;>3weeks;8-H52 Autotrophy SIP;8-Autotrophy;H52AutoSIPtest;MT;autotrophy;autotrophy;no;0.2;anoxic;yes;yes;no;yes;no;no;no;no;no;no;no;no;NA;NA;NA;autotrophy
13LB;13LB;2018;H52;Autotrophy;Autotrophy;41;>3weeks;8-H52 Autotrophy SIP;8-Autotrophy;H52AutoSIPtest;MT;autotrophy;autotrophy;no;0.2;anoxic;yes;yes;no;yes;no;no;no;no;no;no;no;no;NA;NA;NA;autotrophy
13LC;13LC;2018;H52;Autotrophy;Autotrophy;41;>3weeks;8-H52 Autotrophy SIP;8-Autotrophy;H52AutoSIPtest;MT;autotrophy;autotrophy;no;0.2;anoxic;yes;yes;no;yes;no;no;no;no;no;no;no;no;NA;NA;NA;autotrophy
13SA;13SA;2018;H52;Autotrophy;Autotrophy;7;1week;8-H52 Autotrophy SIP;8-Autotrophy;H52AutoSIPtest;MT;autotrophy;autotrophy;no;0.2;anoxic;yes;yes;no;yes;no;no;no;no;no;no;no;no;NA;NA;NA;autotrophy
13SB;13SB;2018;H52;Autotrophy;Autotrophy;7;1week;8-H52 Autotrophy SIP;8-Autotrophy;H52AutoSIPtest;MT;autotrophy;autotrophy;no;0.2;anoxic;yes;yes;no;yes;no;no;no;no;no;no;no;no;NA;NA;NA;autotrophy
13SC;13SC;2018;H52;Autotrophy;Autotrophy;7;1week;8-H52 Autotrophy SIP;8-Autotrophy;H52AutoSIPtest;MT;autotrophy;autotrophy;no;0.2;anoxic;yes;yes;no;yes;no;no;no;no;no;no;no;no;NA;NA;NA;autotrophy
14-JS;14-JS;NA;H41;starch;13SA-II-2-DNA-JS;70;>3weeks;16-cellulose;13C;starch;MT;organic_defined;organic_defined;NA;0.2;oxic;no;no;no;no;no;no;yes;no;no;no;no;no;NA;NA;NA;organic_defined
19-JS;19-JS;NA;H41;cellulose;13CHA-II-1-DNA-JS;70;>3weeks;16-cellulose;13C;cellulose;MT;organic_defined;organic_defined;NA;0.2;oxic;no;no;no;no;no;yes;no;no;no;no;no;no;NA;NA;NA;organic_defined
1Me12C-S-A;1Me12C-S-A;2019;H41;Methanol;Methanol;7;1week;10-2019 04 12 H41 Methanol;10-Methanol;MethanolSIP;MT;methylotrophy;methylotrophy;no;0.2;oxic;no;no;no;no;no;no;no;no;no;no;no;no;NA;NA;NA;methylotrophy
220714-H41-01;220714-H41-01;2022;H41;Autotrophy;Autotrophy;518;>3weeks;12-2021 01 14Autotrophy-SIPsulf;12-Autotrophy;AutotrophyEnr;MT;autotrophy;autotrophy;no;0.2;oxic;no;yes;no;no;no;no;no;no;no;no;no;no;NA;NA;NA;autotrophy
220714-H41-02;220714-H41-02;2022;H41;Autotrophy;Autotrophy;518;>3weeks;12-2021 01 14Autotrophy-SIPsulf;12-Autotrophy;AutotrophyEnr;MT;autotrophy;autotrophy;no;0.2;oxic;no;yes;no;no;no;no;no;no;no;no;no;no;NA;NA;NA;autotrophy
220714-H41-03;220714-H41-03;2022;H41;Autotrophy;Autotrophy;518;>3weeks;12-2021 01 14Autotrophy-SIPsulf;12-Autotrophy;AutotrophyEnr;MT;autotrophy;autotrophy;no;0.2;oxic;no;yes;no;no;no;no;no;no;no;no;no;no;NA;NA;NA;autotrophy
220714-H41-05;220714-H41-05;2022;H41;Autotrophy;Autotrophy;518;>3weeks;12-2021 01 14Autotrophy-SIPsulf;12-Autotrophy;AutotrophyEnr;MT;autotrophy;autotrophy;no;0.2;oxic;yes;yes;no;no;no;no;no;no;no;no;no;no;NA;NA;NA;autotrophy
220714-H41-06;220714-H41-06;2022;H41;Autotrophy;Autotrophy;518;>3weeks;12-2021 01 14Autotrophy-SIPsulf;12-Autotrophy;AutotrophyEnr;MT;autotrophy;autotrophy;no;0.2;oxic;yes;yes;no;no;no;no;no;no;no;no;no;no;NA;NA;NA;autotrophy
220714-H52-07;220714-H52-07;2022;H52;Autotrophy;Autotrophy;518;>3weeks;12-2021 01 14Autotrophy-SIPsulf;12-Autotrophy;AutotrophyEnr;MT;autotrophy;autotrophy;no;0.2;anoxic;no;yes;yes;yes;no;no;no;no;no;no;no;no;NA;NA;NA;autotrophy
220714-H52-08;220714-H52-08;2022;H52;Autotrophy;Autotrophy;518;>3weeks;12-2021 01 14Autotrophy-SIPsulf;12-Autotrophy;AutotrophyEnr;MT;autotrophy;autotrophy;no;0.2;anoxic;no;yes;yes;yes;no;no;no;no;no;no;no;no;NA;NA;NA;autotrophy
220714-H52-09;220714-H52-09;2022;H52;Autotrophy;Autotrophy;518;>3weeks;12-2021 01 14Autotrophy-SIPsulf;12-Autotrophy;AutotrophyEnr;MT;autotrophy;autotrophy;no;0.2;anoxic;no;yes;yes;yes;no;no;no;no;no;no;no;no;NA;NA;NA;autotrophy
220714-H52-10;220714-H52-10;2022;H52;Autotrophy;Autotrophy;518;>3weeks;12-2021 01 14Autotrophy-SIPsulf;12-Autotrophy;AutotrophyEnr;MT;autotrophy;autotrophy;no;0.2;anoxic;yes;yes;no;yes;no;no;no;no;no;no;no;no;NA;NA;NA;autotrophy
220714-H52-11;220714-H52-11;2022;H52;Autotrophy;Autotrophy;518;>3weeks;12-2021 01 14Autotrophy-SIPsulf;12-Autotrophy;AutotrophyEnr;MT;autotrophy;autotrophy;no;0.2;anoxic;yes;yes;no;yes;no;no;no;no;no;no;no;no;NA;NA;NA;autotrophy
220714-H52-12;220714-H52-12;2022;H52;Autotrophy;Autotrophy;518;>3weeks;12-2021 01 14Autotrophy-SIPsulf;12-Autotrophy;AutotrophyEnr;MT;autotrophy;autotrophy;no;0.2;anoxic;yes;yes;no;yes;no;no;no;no;no;no;no;no;NA;NA;NA;autotrophy
2Me12C-S-B;2Me12C-S-B;2019;H41;Methanol;Methanol;7;1week;10-2019 04 12 H41 Methanol;10-Methanol;MethanolSIP;MT;methylotrophy;methylotrophy;no;0.2;oxic;no;no;no;no;no;no;no;no;no;no;no;no;NA;NA;NA;methylotrophy
341F-785R-D6A;341F-785R-D6A;2016;H41;deuterated veratric acid;deuterated veratric acid;26;>3weeks;1-Rsip;1-Rsip;RamanSIP;MT;organic_defined;organic_defined;yes;0.2;oxic;no;no;no;no;no;no;no;yes;no;no;no;no;NA;NA;NA;organic_defined
341F-785R-D6B;341F-785R-D6B;2016;H41;deuterated veratric acid;deuterated veratric acid;26;>3weeks;1-Rsip;1-Rsip;RamanSIP;MT;organic_defined;organic_defined;yes;0.2;oxic;no;no;no;no;no;no;no;yes;no;no;no;no;NA;NA;NA;organic_defined
341F-785R-MDA;341F-785R-MDA;2016;H41;methylamine;methylamine;42;>3weeks;1-Rsip;1-Rsip;RamanSIP;MT;methylotrophy;methylotrophy;yes;0.2;oxic;no;no;no;no;yes;no;no;no;no;no;no;no;NA;NA;NA;methylotrophy
341F-785R-MDB;341F-785R-MDB;2016;H41;methylamine;methylamine;42;>3weeks;1-Rsip;1-Rsip;RamanSIP;MT;methylotrophy;methylotrophy;yes;0.2;oxic;no;no;no;no;yes;no;no;no;no;no;no;no;NA;NA;NA;methylotrophy
341F-785R-MHA;341F-785R-MHA;2016;H41;methylamine;methylamine;42;>3weeks;1-Rsip;1-Rsip;RamanSIP;MT;methylotrophy;methylotrophy;yes;0.2;oxic;no;no;no;no;yes;no;no;no;no;no;no;no;NA;NA;NA;methylotrophy
341F-785R-MHB;341F-785R-MHB;2016;H41;methylamine;methylamine;42;>3weeks;1-Rsip;1-Rsip;RamanSIP;MT;methylotrophy;methylotrophy;yes;0.2;oxic;no;no;no;no;yes;no;no;no;no;no;no;no;NA;NA;NA;methylotrophy
341F-785R-negD;341F-785R-negD;2016;H41;none;none;42;>3weeks;1-Rsip;1-Rsip;RamanSIP;MT;none;none;yes;0.2;oxic;no;no;no;no;no;no;no;no;no;no;no;no;NA;NA;NA;methylotrophy
341F-785R-negH;341F-785R-negH;2016;H41;none;none;42;>3weeks;1-Rsip;1-Rsip;RamanSIP;MT;none;none;yes;0.2;oxic;no;no;no;no;no;no;no;no;no;no;no;no;NA;NA;NA;methylotrophy
341F-785R-VDA;341F-785R-VDA;2016;H41;veratric acid;veratric acid;26;>3weeks;1-Rsip;1-Rsip;RamanSIP;MT;organic_defined;organic_defined;yes;0.2;oxic;no;no;no;no;no;no;no;yes;no;no;no;no;NA;NA;NA;organic_defined
341F-785R-VDB;341F-785R-VDB;2016;H41;veratric acid;veratric acid;26;>3weeks;1-Rsip;1-Rsip;RamanSIP;MT;organic_defined;organic_defined;yes;0.2;oxic;no;no;no;no;no;no;no;yes;no;no;no;no;NA;NA;NA;organic_defined
341F-785R-VHA;341F-785R-VHA;2016;H41;veratric acid;veratric acid;26;>3weeks;1-Rsip;1-Rsip;RamanSIP;MT;organic_defined;organic_defined;yes;0.2;oxic;no;no;no;no;no;no;no;yes;no;no;no;no;NA;NA;NA;organic_defined
341F-785R-VHB;341F-785R-VHB;2016;H41;veratric acid;veratric acid;26;>3weeks;1-Rsip;1-Rsip;RamanSIP;MT;organic_defined;organic_defined;yes;0.2;oxic;no;no;no;no;no;no;no;yes;no;no;no;no;NA;NA;NA;organic_defined
3Me12C-S-C;3Me12C-S-C;2019;H41;Methanol;Methanol;7;1week;10-2019 04 12 H41 Methanol;10-Methanol;MethanolSIP;MT;methylotrophy;methylotrophy;no;0.2;oxic;no;no;no;no;no;no;no;no;no;no;no;no;NA;NA;NA;methylotrophy
4Me12C-L-A;4Me12C-L-A;2019;H41;Methanol;Methanol;39;>3weeks;10-2019 04 12 H41 Methanol;10-Methanol;MethanolSIP;MT;methylotrophy;methylotrophy;no;0.2;oxic;no;no;no;no;no;no;no;no;no;no;no;no;NA;NA;NA;methylotrophy
5Me12C-L-B;5Me12C-L-B;2019;H41;Methanol;Methanol;39;>3weeks;10-2019 04 12 H41 Methanol;10-Methanol;MethanolSIP;MT;methylotrophy;methylotrophy;no;0.2;oxic;no;no;no;no;no;no;no;no;no;no;no;no;NA;NA;NA;methylotrophy
6Me12C-L-C;6Me12C-L-C;2019;H41;Methanol;Methanol;39;>3weeks;10-2019 04 12 H41 Methanol;10-Methanol;MethanolSIP;MT;methylotrophy;methylotrophy;no;0.2;oxic;no;no;no;no;no;no;no;no;no;no;no;no;NA;NA;NA;methylotrophy
7Me13C-S-A;7Me13C-S-A;2019;H41;Methanol;Methanol;7;1week;10-2019 04 12 H41 Methanol;10-Methanol;MethanolSIP;MT;methylotrophy;methylotrophy;no;0.2;oxic;no;no;no;no;no;no;no;no;no;no;no;no;NA;NA;NA;methylotrophy
8Me13C-S-B;8Me13C-S-B;2019;H41;Methanol;Methanol;7;1week;10-2019 04 12 H41 Methanol;10-Methanol;MethanolSIP;MT;methylotrophy;methylotrophy;no;0.2;oxic;no;no;no;no;no;no;no;no;no;no;no;no;NA;NA;NA;methylotrophy
9Me13C-S-C;9Me13C-S-C;2019;H41;Methanol;Methanol;7;1week;10-2019 04 12 H41 Methanol;10-Methanol;MethanolSIP;MT;methylotrophy;methylotrophy;no;0.2;oxic;no;no;no;no;no;no;no;no;no;no;no;no;NA;NA;NA;methylotrophy
a;a;2021;H41;Autotrophy;Autotrophy;83;>3weeks;12-2021 01 14Autotrophy-SIPsulf;12-Autotrophy;AutotrophyEnr;MT;autotrophy;autotrophy;no;0.2;oxic;no;yes;no;no;no;no;no;no;no;no;no;no;1.71E+08;1.71E+08;2.81E+07;autotrophy
A01;A01;2018;H41;Before Incubation;Before Incubation;0;day0;9-2018 12 14 Patricia Necromass;9-Necromass;Necromass;PG;Before Incubation;none;no;0.2;oxic;no;no;no;no;no;no;no;no;no;no;no;no;NA;NA;NA;Before Incubation
A010;A010;2018;H41;Necromass;Necromass;4;1week;9-2018 12 14 Patricia Necromass;9-Necromass;Necromass;PG;organic_undefined;organic_undefined;no;0.2;oxic;no;no;no;no;no;no;no;no;no;yes;no;no;NA;NA;NA;organic_undefined
A011;A011;2018;H41;Necromass;Necromass;4;1week;9-2018 12 14 Patricia Necromass;9-Necromass;Necromass;PG;organic_undefined;organic_undefined;no;0.2;oxic;no;no;no;no;no;no;no;no;no;yes;no;no;NA;NA;NA;organic_undefined
A012;A012;2018;H41;Necromass;Necromass;4;1week;9-2018 12 14 Patricia Necromass;9-Necromass;Necromass;PG;organic_undefined;organic_undefined;no;0.2;oxic;no;no;no;no;no;no;no;no;no;yes;no;no;NA;NA;NA;organic_undefined
A02;A02;2018;H41;Before Incubation;Before Incubation;0;day0;9-2018 12 14 Patricia Necromass;9-Necromass;Necromass;PG;Before Incubation;none;no;0.2;oxic;no;no;no;no;no;no;no;no;no;no;no;no;NA;NA;NA;Before Incubation
A03;A03;2018;H41;Before Incubation;Before Incubation;0;day0;9-2018 12 14 Patricia Necromass;9-Necromass;Necromass;PG;Before Incubation;none;no;0.2;oxic;no;no;no;no;no;no;no;no;no;no;no;no;NA;NA;NA;Before Incubation
A04;A04;2018;H41;Necromass;Necromass;2;1week;9-2018 12 14 Patricia Necromass;9-Necromass;Necromass;PG;organic_undefined;organic_undefined;no;0.2;oxic;no;no;no;no;no;no;no;no;no;yes;no;no;NA;NA;NA;organic_undefined
A05;A05;2018;H41;Necromass;Necromass;2;1week;9-2018 12 14 Patricia Necromass;9-Necromass;Necromass;PG;organic_undefined;organic_undefined;no;0.2;oxic;no;no;no;no;no;no;no;no;no;yes;no;no;NA;NA;NA;organic_undefined
A06;A06;2018;H41;Necromass;Necromass;2;1week;9-2018 12 14 Patricia Necromass;9-Necromass;Necromass;PG;organic_undefined;organic_undefined;no;0.2;oxic;no;no;no;no;no;no;no;no;no;yes;no;no;NA;NA;NA;organic_undefined
A07;A07;2018;H41;Necromass;Necromass;2;1week;9-2018 12 14 Patricia Necromass;9-Necromass;Necromass;PG;organic_undefined;organic_undefined;no;0.2;oxic;no;no;no;no;no;no;no;no;no;yes;no;no;NA;NA;NA;organic_undefined
A08;A08;2018;H41;Necromass;Necromass;2;1week;9-2018 12 14 Patricia Necromass;9-Necromass;Necromass;PG;organic_undefined;organic_undefined;no;0.2;oxic;no;no;no;no;no;no;no;no;no;yes;no;no;NA;NA;NA;organic_undefined
A09;A09;2018;H41;Necromass;Necromass;2;1week;9-2018 12 14 Patricia Necromass;9-Necromass;Necromass;PG;organic_undefined;organic_undefined;no;0.2;oxic;no;no;no;no;no;no;no;no;no;yes;no;no;NA;NA;NA;organic_undefined
A2;A2;2018;H52;Autotrophy;Autotrophy;7;1week;7-2018 12 14 Beatrix Project Mo;7-Autotrophy;H52AutoSIPtest;BMH;autotrophy;autotrophy;no;0.2;anoxic;yes;yes;no;yes;no;no;no;no;no;no;no;no;1.89E+10;1.89E+10;1.22E+09;autotrophy
A3;A3;2018;H52;Autotrophy;Autotrophy;7;1week;7-2018 12 14 Beatrix Project Mo;7-Autotrophy;H52AutoSIPtest;BMH;autotrophy;autotrophy;no;0.2;anoxic;yes;yes;no;yes;no;no;no;no;no;no;no;no;1.10E+10;1.10E+10;5.26E+08;autotrophy
A4;A4;2018;H52;Autotrophy;Autotrophy;14;2weeks;7-2018 12 14 Beatrix Project Mo;7-Autotrophy;H52AutoSIPtest;BMH;autotrophy;autotrophy;no;0.2;anoxic;yes;yes;no;yes;no;no;no;no;no;no;no;no;5.04E+09;5.04E+09;1.43E+08;autotrophy
A5;A5;2018;H52;Autotrophy;Autotrophy;14;2weeks;7-2018 12 14 Beatrix Project Mo;7-Autotrophy;H52AutoSIPtest;BMH;autotrophy;autotrophy;no;0.2;anoxic;yes;yes;no;yes;no;no;no;no;no;no;no;no;8.60E+09;8.60E+09;9.58E+08;autotrophy
A6;A6;2018;H52;Autotrophy;Autotrophy;14;2weeks;7-2018 12 14 Beatrix Project Mo;7-Autotrophy;H52AutoSIPtest;BMH;autotrophy;autotrophy;no;0.2;anoxic;yes;yes;no;yes;no;no;no;no;no;no;no;no;1.59E+10;1.59E+10;2.47E+09;autotrophy
b;b;2021;H41;Autotrophy;Autotrophy;83;>3weeks;12-2021 01 14Autotrophy-SIPsulf;12-Autotrophy;AutotrophyEnr;MT;autotrophy;autotrophy;no;0.2;oxic;no;yes;no;no;no;no;no;no;no;no;no;no;3.07E+08;3.07E+08;5.60E+07;autotrophy
B01;B01;2018;H41;Necromass;Necromass;4;1week;9-2018 12 14 Patricia Necromass;9-Necromass;Necromass;PG;organic_undefined;organic_undefined;no;0.2;oxic;no;no;no;no;no;no;no;no;no;yes;no;no;NA;NA;NA;organic_undefined
B02;B02;2018;H41;Necromass;Necromass;4;1week;9-2018 12 14 Patricia Necromass;9-Necromass;Necromass;PG;organic_undefined;organic_undefined;no;0.2;oxic;no;no;no;no;no;no;no;no;no;yes;no;no;NA;NA;NA;organic_undefined
B03;B03;2018;H41;Necromass;Necromass;4;1week;9-2018 12 14 Patricia Necromass;9-Necromass;Necromass;PG;organic_undefined;organic_undefined;no;0.2;oxic;no;no;no;no;no;no;no;no;no;yes;no;no;NA;NA;NA;organic_undefined
B04;B04;2018;H41;Necromass;Necromass;8;2weeks;9-2018 12 14 Patricia Necromass;9-Necromass;Necromass;PG;organic_undefined;organic_undefined;no;0.2;oxic;no;no;no;no;no;no;no;no;no;yes;no;no;NA;NA;NA;organic_undefined
B05;B05;2018;H41;Necromass;Necromass;8;2weeks;9-2018 12 14 Patricia Necromass;9-Necromass;Necromass;PG;organic_undefined;organic_undefined;no;0.2;oxic;no;no;no;no;no;no;no;no;no;yes;no;no;NA;NA;NA;organic_undefined
B06;B06;2018;H41;Necromass;Necromass;8;2weeks;9-2018 12 14 Patricia Necromass;9-Necromass;Necromass;PG;organic_undefined;organic_undefined;no;0.2;oxic;no;no;no;no;no;no;no;no;no;yes;no;no;NA;NA;NA;organic_undefined
B07;B07;2018;H41;Necromass;Necromass;8;2weeks;9-2018 12 14 Patricia Necromass;9-Necromass;Necromass;PG;organic_undefined;organic_undefined;no;0.2;oxic;no;no;no;no;no;no;no;no;no;yes;no;no;NA;NA;NA;organic_undefined
B08;B08;2018;H41;Necromass;Necromass;8;2weeks;9-2018 12 14 Patricia Necromass;9-Necromass;Necromass;PG;organic_undefined;organic_undefined;no;0.2;oxic;no;no;no;no;no;no;no;no;no;yes;no;no;NA;NA;NA;organic_undefined
B09;B09;2018;H41;Necromass;Necromass;8;2weeks;9-2018 12 14 Patricia Necromass;9-Necromass;Necromass;PG;organic_undefined;organic_undefined;no;0.2;oxic;no;no;no;no;no;no;no;no;no;yes;no;no;NA;NA;NA;organic_undefined
B1;B1;2018;H52;Autotrophy;Autotrophy;7;1week;7-2018 12 14 Beatrix Project Mo;7-Autotrophy;H52AutoSIPtest;BMH;autotrophy;autotrophy;yes;0.2;anoxic;yes;yes;no;yes;no;no;no;no;no;no;no;no;1.85E+09;1.85E+09;9.27E+07;autotrophy
B2;B2;2018;H52;Autotrophy;Autotrophy;7;1week;7-2018 12 14 Beatrix Project Mo;7-Autotrophy;H52AutoSIPtest;BMH;autotrophy;autotrophy;yes;0.2;anoxic;yes;yes;no;yes;no;no;no;no;no;no;no;no;1.55E+09;1.55E+09;5.53E+07;autotrophy
B3;B3;2018;H52;Autotrophy;Autotrophy;7;1week;7-2018 12 14 Beatrix Project Mo;7-Autotrophy;H52AutoSIPtest;BMH;autotrophy;autotrophy;yes;0.2;anoxic;yes;yes;no;yes;no;no;no;no;no;no;no;no;1.11E+09;1.11E+09;6.60E+07;autotrophy
B4;B4;2018;H52;Autotrophy;Autotrophy;14;2weeks;7-2018 12 14 Beatrix Project Mo;7-Autotrophy;H52AutoSIPtest;BMH;autotrophy;autotrophy;yes;0.2;anoxic;yes;yes;no;yes;no;no;no;no;no;no;no;no;1.47E+09;1.47E+09;6.25E+07;autotrophy
B5;B5;2018;H52;Autotrophy;Autotrophy;14;2weeks;7-2018 12 14 Beatrix Project Mo;7-Autotrophy;H52AutoSIPtest;BMH;autotrophy;autotrophy;yes;0.2;anoxic;yes;yes;no;yes;no;no;no;no;no;no;no;no;1.41E+09;1.41E+09;4.42E+07;autotrophy
B6;B6;2018;H52;Autotrophy;Autotrophy;14;2weeks;7-2018 12 14 Beatrix Project Mo;7-Autotrophy;H52AutoSIPtest;BMH;autotrophy;autotrophy;yes;0.2;anoxic;yes;yes;no;yes;no;no;no;no;no;no;no;no;6.22E+07;6.22E+07;3.08E+06;autotrophy
c;c;2021;H41;Autotrophy;Autotrophy;83;>3weeks;12-2021 01 14Autotrophy-SIPsulf;12-Autotrophy;AutotrophyEnr;MT;autotrophy;autotrophy;no;0.2;oxic;no;yes;no;no;no;no;no;no;no;no;no;no;7.21E+07;7.21E+07;1.45E+07;autotrophy
CA;CA;2021;H41;Soil Seepage;Soil Seepage;1059;>3weeks;13-2021 01 14 Wills long term;13-Soil Seepage;SeepageLongterm;WAO;organic_undefined;organic_undefined;no;0.2;oxic;no;no;no;no;no;no;no;no;no;no;no;no;NA;NA;NA;organic_undefined
CB;CB;2021;H41;Soil Seepage;Soil Seepage;1059;>3weeks;13-2021 01 14 Wills long term;13-Soil Seepage;SeepageLongterm;WAO;organic_undefined;organic_undefined;no;0.2;oxic;no;no;no;no;no;no;no;no;no;no;no;no;NA;NA;NA;organic_undefined
d;d;2021;H41;Autotrophy;Autotrophy;83;>3weeks;12-2021 01 14Autotrophy-SIPsulf;12-Autotrophy;AutotrophyEnr;MT;autotrophy;autotrophy;no;0.2;oxic;yes;yes;no;no;no;no;no;no;no;no;no;no;4.03E+08;4.03E+08;1.14E+08;autotrophy
D2O;D2O;2018;H41;Autotrophy;Autotrophy;70;>3weeks;5-2018 11 21 H41 autotrophy;5-Autotrophy;H41AutoSIP;MT;autotrophy;autotrophy;yes;0.2;oxic;yes;yes;no;no;no;no;no;no;no;no;no;no;1.15E+08;1.15E+08;1.45E+07;autotrophy
e;e;2021;H41;Autotrophy;Autotrophy;83;>3weeks;12-2021 01 14Autotrophy-SIPsulf;12-Autotrophy;AutotrophyEnr;MT;autotrophy;autotrophy;no;0.2;oxic;yes;yes;no;no;no;no;no;no;no;no;no;no;1.66E+09;1.66E+09;4.61E+08;autotrophy
f;f;2021;H41;Autotrophy;Autotrophy;83;>3weeks;12-2021 01 14Autotrophy-SIPsulf;12-Autotrophy;AutotrophyEnr;MT;autotrophy;autotrophy;no;0.2;oxic;yes;yes;no;no;no;no;no;no;no;no;no;no;1.12E+09;1.12E+09;6.51E+07;autotrophy
g;g;2021;H41;Autotrophy;Autotrophy;69;>3weeks;12-2021 01 14Autotrophy-SIPsulf;12-Autotrophy;AutotrophyEnr;MT;autotrophy;autotrophy;no;0.2;oxic;no;yes;no;no;no;no;no;no;no;no;no;no;1.55E+08;1.55E+08;1.32E+07;autotrophy
h;h;2021;H41;Autotrophy;Autotrophy;69;>3weeks;12-2021 01 14Autotrophy-SIPsulf;12-Autotrophy;AutotrophyEnr;MT;autotrophy;autotrophy;no;0.2;oxic;no;yes;no;no;no;no;no;no;no;no;no;no;1.03E+09;1.03E+09;3.22E+07;autotrophy
H2O;H2O;2018;H41;Autotrophy;Autotrophy;70;>3weeks;5-2018 11 21 H41 autotrophy;5-Autotrophy;H41AutoSIP;MT;autotrophy;autotrophy;yes;0.2;oxic;yes;yes;no;no;no;no;no;no;no;no;no;no;1.91E+07;1.91E+07;3.06E+06;autotrophy
H41-1;H41-1;2020;H41;Autotrophy;Autotrophy;1006;>3weeks;12-2021 01 14Autotrophy-SIPsulf;12-Autotrophy;AutotrophyEnr;MT;autotrophy;autotrophy;no;0.2;oxic;no;yes;no;no;no;no;no;no;no;no;no;no;NA;NA;NA;autotrophy
H41-2;H41-2;2020;H41;Autotrophy;Autotrophy;1006;>3weeks;12-2021 01 14Autotrophy-SIPsulf;12-Autotrophy;AutotrophyEnr;MT;autotrophy;autotrophy;no;0.2;oxic;no;yes;no;no;no;no;no;no;no;no;no;no;NA;NA;NA;autotrophy
H41-3;H41-3;2020;H41;Autotrophy;Autotrophy;1006;>3weeks;12-2021 01 14Autotrophy-SIPsulf;12-Autotrophy;AutotrophyEnr;MT;autotrophy;autotrophy;no;0.2;oxic;no;yes;no;no;no;no;no;no;no;no;no;no;NA;NA;NA;autotrophy
H41-4;H41-4;2020;H41;Autotrophy;Autotrophy;1006;>3weeks;12-2021 01 14Autotrophy-SIPsulf;12-Autotrophy;AutotrophyEnr;MT;autotrophy;autotrophy;no;0.2;oxic;yes;yes;no;no;no;no;no;no;no;no;no;no;NA;NA;NA;autotrophy
H41-5;H41-5;2020;H41;Autotrophy;Autotrophy;1006;>3weeks;12-2021 01 14Autotrophy-SIPsulf;12-Autotrophy;AutotrophyEnr;MT;autotrophy;autotrophy;no;0.2;oxic;yes;yes;no;no;no;no;no;no;no;no;no;no;NA;NA;NA;autotrophy
H41-6;H41-6;2020;H41;Autotrophy;Autotrophy;1006;>3weeks;12-2021 01 14Autotrophy-SIPsulf;12-Autotrophy;AutotrophyEnr;MT;autotrophy;autotrophy;no;0.2;oxic;yes;yes;no;no;no;no;no;no;no;no;no;no;NA;NA;NA;autotrophy
H41-90-02;H41-90-02;2018;H41;Before Incubation;Before Incubation;0;day0;6-Leachate D2O SIP;6-Leachate;RamanSIP2;MT;none;none;no;0.2;oxic;no;no;no;no;no;no;no;no;no;no;no;no;NA;NA;NA;Before Incubation
H41-90-02rep2;H41-90-02rep2;2018;H41;Before Incubation;Before Incubation;0;day0;6-Leachate D2O SIP;6-Leachate;RamanSIP2;MT;none;none;no;0.2;oxic;no;no;no;no;no;no;no;no;no;no;no;no;NA;NA;NA;Before Incubation
H41-PNK-89;H41-PNK-89;2018;H41;Before Incubation;Before Incubation;0;day0;6-Leachate D2O SIP;6-Leachate;RamanSIP2;MT;none;none;no;0.2;oxic;no;no;no;no;no;no;no;no;no;no;no;no;NA;NA;NA;Before Incubation
H41EF-A;H41EF-A;2018;H41;Groundwater;Groundwater;18;3weeks;2-Sarah;2-Groundwater;AutotrophyEnrTest;SN;autotrophy;autotrophy;yes;0.2;oxic;yes;yes;no;no;no;no;no;no;no;no;no;no;NA;NA;NA;autotrophy
H41EF-B;H41EF-B;2018;H41;Groundwater;Groundwater;18;3weeks;2-Sarah;2-Groundwater;AutotrophyEnrTest;SN;autotrophy;autotrophy;yes;0.2;oxic;yes;yes;no;no;no;no;no;no;no;no;no;no;NA;NA;NA;autotrophy
H41EF-C;H41EF-C;2018;H41;Groundwater;Groundwater;18;3weeks;2-Sarah;2-Groundwater;AutotrophyEnrTest;SN;autotrophy;autotrophy;yes;0.2;oxic;yes;yes;no;no;no;no;no;no;no;no;no;no;NA;NA;NA;autotrophy
H41EFpA;H41EFpA;2018;H41;Groundwater;Groundwater;18;3weeks;2-Sarah;2-Groundwater;AutotrophyEnrTest;SN;autotrophy;autotrophy;yes;0.2;oxic;yes;yes;no;no;no;no;no;no;no;no;no;no;NA;NA;NA;autotrophy
H41EFpB;H41EFpB;2018;H41;Groundwater;Groundwater;18;3weeks;2-Sarah;2-Groundwater;AutotrophyEnrTest;SN;autotrophy;autotrophy;yes;0.2;oxic;yes;yes;no;no;no;no;no;no;no;no;no;no;NA;NA;NA;autotrophy
H41EFpC;H41EFpC;2018;H41;Groundwater;Groundwater;18;3weeks;2-Sarah;2-Groundwater;AutotrophyEnrTest;SN;autotrophy;autotrophy;yes;0.2;oxic;yes;yes;no;no;no;no;no;no;no;no;no;no;NA;NA;NA;autotrophy
H41GWA;H41GWA;2018;H41;Groundwater;Groundwater;18;3weeks;2-Sarah;2-Groundwater;AutotrophyEnrTest;SN;autotrophy;autotrophy;no;0.2;oxic;yes;yes;no;no;no;no;no;no;no;no;no;no;NA;NA;NA;autotrophy
H41GWB;H41GWB;2018;H41;Groundwater;Groundwater;18;3weeks;2-Sarah;2-Groundwater;AutotrophyEnrTest;SN;autotrophy;autotrophy;no;0.2;oxic;yes;yes;no;no;no;no;no;no;no;no;no;no;NA;NA;NA;autotrophy
H41GWC;H41GWC;2018;H41;Groundwater;Groundwater;18;3weeks;2-Sarah;2-Groundwater;AutotrophyEnrTest;SN;autotrophy;autotrophy;no;0.2;oxic;yes;yes;no;no;no;no;no;no;no;no;no;no;NA;NA;NA;autotrophy
H41J1;H41J1;2018;H41;Autotrophy;Autotrophy;76;>3weeks;3-2018 06 23 Autotrophy;3-Autotrophy;AutotrophyEnrTest;JW;autotrophy;autotrophy;no;0.2;oxic;no;yes;no;no;no;no;no;no;no;no;no;no;NA;NA;NA;autotrophy
H41J2;H41J2;2018;H41;Autotrophy;Autotrophy;76;>3weeks;3-2018 06 23 Autotrophy;3-Autotrophy;AutotrophyEnrTest;JW;autotrophy;autotrophy;no;0.2;oxic;no;yes;no;no;no;no;no;no;no;no;no;no;NA;NA;NA;autotrophy
H41J3;H41J3;2018;H41;Autotrophy;Autotrophy;76;>3weeks;3-2018 06 23 Autotrophy;3-Autotrophy;AutotrophyEnrTest;JW;autotrophy;autotrophy;no;0.2;oxic;no;yes;no;no;no;no;no;no;no;no;no;no;NA;NA;NA;autotrophy
H41J4;H41J4;2018;H41;Autotrophy;Autotrophy;76;>3weeks;3-2018 06 23 Autotrophy;3-Autotrophy;AutotrophyEnrTest;JW;autotrophy;autotrophy;no;0.2;oxic;yes;yes;no;no;no;no;no;no;no;no;no;no;NA;NA;NA;autotrophy
H41J5;H41J5;2018;H41;Autotrophy;Autotrophy;76;>3weeks;3-2018 06 23 Autotrophy;3-Autotrophy;AutotrophyEnrTest;JW;autotrophy;autotrophy;no;0.2;oxic;yes;yes;no;no;no;no;no;no;no;no;no;no;NA;NA;NA;autotrophy
H41J6;H41J6;2018;H41;Autotrophy;Autotrophy;76;>3weeks;3-2018 06 23 Autotrophy;3-Autotrophy;AutotrophyEnrTest;JW;autotrophy;autotrophy;no;0.2;oxic;yes;yes;no;no;no;no;no;no;no;no;no;no;NA;NA;NA;autotrophy
H52-1;H52-1;2020;H52;Autotrophy;Autotrophy;1006;>3weeks;12-2021 01 14Autotrophy-SIPsulf;12-Autotrophy;AutotrophyEnr;MT;autotrophy;autotrophy;no;0.2;anoxic;no;yes;yes;yes;no;no;no;no;no;no;no;no;NA;NA;NA;autotrophy
H52-2;H52-2;2020;H52;Autotrophy;Autotrophy;1006;>3weeks;12-2021 01 14Autotrophy-SIPsulf;12-Autotrophy;AutotrophyEnr;MT;autotrophy;autotrophy;no;0.2;anoxic;no;yes;yes;yes;no;no;no;no;no;no;no;no;NA;NA;NA;autotrophy
H52-3;H52-3;2020;H52;Autotrophy;Autotrophy;1006;>3weeks;12-2021 01 14Autotrophy-SIPsulf;12-Autotrophy;AutotrophyEnr;MT;autotrophy;autotrophy;no;0.2;anoxic;no;yes;yes;yes;no;no;no;no;no;no;no;no;NA;NA;NA;autotrophy
H52-4;H52-4;2020;H52;Autotrophy;Autotrophy;1006;>3weeks;12-2021 01 14Autotrophy-SIPsulf;12-Autotrophy;AutotrophyEnr;MT;autotrophy;autotrophy;no;0.2;anoxic;yes;yes;no;yes;no;no;no;no;no;no;no;no;NA;NA;NA;autotrophy
H52-5;H52-5;2020;H52;Autotrophy;Autotrophy;1006;>3weeks;12-2021 01 14Autotrophy-SIPsulf;12-Autotrophy;AutotrophyEnr;MT;autotrophy;autotrophy;no;0.2;anoxic;yes;yes;no;yes;no;no;no;no;no;no;no;no;NA;NA;NA;autotrophy
H52-6;H52-6;2020;H52;Autotrophy;Autotrophy;1006;>3weeks;12-2021 01 14Autotrophy-SIPsulf;12-Autotrophy;AutotrophyEnr;MT;autotrophy;autotrophy;no;0.2;anoxic;yes;yes;no;yes;no;no;no;no;no;no;no;no;NA;NA;NA;autotrophy
H52EF-A;H52EF-A;2018;H52;Groundwater;Groundwater;18;3weeks;2-Sarah;2-Groundwater;AutotrophyEnrTest;SN;autotrophy;autotrophy;yes;0.2;anoxic;yes;yes;no;no;no;no;no;no;no;no;no;no;NA;NA;NA;autotrophy
H52EF-B;H52EF-B;2018;H52;Groundwater;Groundwater;18;3weeks;2-Sarah;2-Groundwater;AutotrophyEnrTest;SN;autotrophy;autotrophy;yes;0.2;anoxic;yes;yes;no;no;no;no;no;no;no;no;no;no;NA;NA;NA;autotrophy
H52EF-C;H52EF-C;2018;H52;Groundwater;Groundwater;18;3weeks;2-Sarah;2-Groundwater;AutotrophyEnrTest;SN;autotrophy;autotrophy;yes;0.2;anoxic;yes;yes;no;no;no;no;no;no;no;no;no;no;NA;NA;NA;autotrophy
H52EFpA;H52EFpA;2018;H52;Groundwater;Groundwater;18;3weeks;2-Sarah;2-Groundwater;AutotrophyEnrTest;SN;autotrophy;autotrophy;yes;0.2;anoxic;yes;yes;no;no;no;no;no;no;no;no;no;no;NA;NA;NA;autotrophy
H52EFpB;H52EFpB;2018;H52;Groundwater;Groundwater;18;3weeks;2-Sarah;2-Groundwater;AutotrophyEnrTest;SN;autotrophy;autotrophy;yes;0.2;anoxic;yes;yes;no;no;no;no;no;no;no;no;no;no;NA;NA;NA;autotrophy
H52EFpC;H52EFpC;2018;H52;Groundwater;Groundwater;18;3weeks;2-Sarah;2-Groundwater;AutotrophyEnrTest;SN;autotrophy;autotrophy;yes;0.2;anoxic;yes;yes;no;no;no;no;no;no;no;no;no;no;NA;NA;NA;autotrophy
H52GWA;H52GWA;2018;H52;Groundwater;Groundwater;18;3weeks;2-Sarah;2-Groundwater;AutotrophyEnrTest;SN;autotrophy;autotrophy;no;0.2;anoxic;yes;yes;no;no;no;no;no;no;no;no;no;no;NA;NA;NA;autotrophy
H52GWB;H52GWB;2018;H52;Groundwater;Groundwater;18;3weeks;2-Sarah;2-Groundwater;AutotrophyEnrTest;SN;autotrophy;autotrophy;no;0.2;anoxic;yes;yes;no;no;no;no;no;no;no;no;no;no;NA;NA;NA;autotrophy
H52GWC;H52GWC;2018;H52;Groundwater;Groundwater;18;3weeks;2-Sarah;2-Groundwater;AutotrophyEnrTest;SN;autotrophy;autotrophy;no;0.2;anoxic;yes;yes;no;no;no;no;no;no;no;no;no;no;NA;NA;NA;autotrophy
H52J10;H52J10;2018;H52;Autotrophy;Autotrophy;76;>3weeks;3-2018 06 23 Autotrophy;3-Autotrophy;AutotrophyEnrTest;JW;autotrophy;autotrophy;no;0.2;anoxic;yes;yes;no;yes;no;no;no;no;no;no;no;no;NA;NA;NA;autotrophy
H52J11;H52J11;2018;H52;Autotrophy;Autotrophy;76;>3weeks;3-2018 06 23 Autotrophy;3-Autotrophy;AutotrophyEnrTest;JW;autotrophy;autotrophy;no;0.2;anoxic;yes;yes;no;yes;no;no;no;no;no;no;no;no;NA;NA;NA;autotrophy
H52J12;H52J12;2018;H52;Autotrophy;Autotrophy;76;>3weeks;3-2018 06 23 Autotrophy;3-Autotrophy;AutotrophyEnrTest;JW;autotrophy;autotrophy;no;0.2;anoxic;yes;yes;no;yes;no;no;no;no;no;no;no;no;NA;NA;NA;autotrophy
H52J7;H52J7;2018;H52;Autotrophy;Autotrophy;76;>3weeks;3-2018 06 23 Autotrophy;3-Autotrophy;AutotrophyEnrTest;JW;autotrophy;autotrophy;no;0.2;anoxic;no;yes;yes;yes;no;no;no;no;no;no;no;no;NA;NA;NA;autotrophy
H52J8;H52J8;2018;H52;Autotrophy;Autotrophy;76;>3weeks;3-2018 06 23 Autotrophy;3-Autotrophy;AutotrophyEnrTest;JW;autotrophy;autotrophy;no;0.2;anoxic;no;yes;yes;yes;no;no;no;no;no;no;no;no;NA;NA;NA;autotrophy
H52J9;H52J9;2018;H52;Autotrophy;Autotrophy;76;>3weeks;3-2018 06 23 Autotrophy;3-Autotrophy;AutotrophyEnrTest;JW;autotrophy;autotrophy;no;0.2;anoxic;no;yes;yes;yes;no;no;no;no;no;no;no;no;NA;NA;NA;autotrophy
i;i;2021;H41;Autotrophy;Autotrophy;69;>3weeks;12-2021 01 14Autotrophy-SIPsulf;12-Autotrophy;AutotrophyEnr;MT;autotrophy;autotrophy;no;0.2;oxic;no;yes;no;no;no;no;no;no;no;no;no;no;2.84E+08;2.84E+08;2.68E+07;autotrophy
j;j;2021;H41;Autotrophy;Autotrophy;69;>3weeks;12-2021 01 14Autotrophy-SIPsulf;12-Autotrophy;AutotrophyEnr;MT;autotrophy;autotrophy;no;0.2;oxic;yes;yes;no;no;no;no;no;no;no;no;no;no;1.30E+09;1.30E+09;2.19E+08;autotrophy
k;k;2021;H41;Autotrophy;Autotrophy;69;>3weeks;12-2021 01 14Autotrophy-SIPsulf;12-Autotrophy;AutotrophyEnr;MT;autotrophy;autotrophy;no;0.2;oxic;yes;yes;no;no;no;no;no;no;no;no;no;no;5.08E+09;5.08E+09;3.20E+08;autotrophy
K1;K1;2021;H41;Autotrophy;Autotrophy;208;>3weeks;12-2021 01 14Autotrophy-SIPsulf;12-Autotrophy;AutotrophyEnr;MT;autotrophy;autotrophy;no;0.2;oxic;no;yes;no;no;no;no;no;no;no;no;no;no;NA;NA;NA;autotrophy
K10;K10;2021;H52;Autotrophy;Autotrophy;208;>3weeks;12-2021 01 14Autotrophy-SIPsulf;12-Autotrophy;AutotrophyEnr;MT;autotrophy;autotrophy;no;0.2;anoxic;yes;yes;no;yes;no;no;no;no;no;no;no;no;NA;NA;NA;autotrophy
K11;K11;2021;H52;Autotrophy;Autotrophy;208;>3weeks;12-2021 01 14Autotrophy-SIPsulf;12-Autotrophy;AutotrophyEnr;MT;autotrophy;autotrophy;no;0.2;anoxic;yes;yes;no;yes;no;no;no;no;no;no;no;no;NA;NA;NA;autotrophy
K12;K12;2021;H52;Autotrophy;Autotrophy;208;>3weeks;12-2021 01 14Autotrophy-SIPsulf;12-Autotrophy;AutotrophyEnr;MT;autotrophy;autotrophy;no;0.2;anoxic;yes;yes;no;yes;no;no;no;no;no;no;no;no;NA;NA;NA;autotrophy
K13;K13;2021;H41;Autotrophy;Autotrophy;194;>3weeks;12-2021 01 14Autotrophy-SIPsulf;12-Autotrophy;AutotrophyEnr;MT;autotrophy;autotrophy;no;0.2;oxic;no;yes;no;no;no;no;no;no;no;no;no;no;NA;NA;NA;autotrophy
K14;K14;2021;H41;Autotrophy;Autotrophy;194;>3weeks;12-2021 01 14Autotrophy-SIPsulf;12-Autotrophy;AutotrophyEnr;MT;autotrophy;autotrophy;no;0.2;oxic;no;yes;no;no;no;no;no;no;no;no;no;no;NA;NA;NA;autotrophy
K15;K15;2021;H41;Autotrophy;Autotrophy;194;>3weeks;12-2021 01 14Autotrophy-SIPsulf;12-Autotrophy;AutotrophyEnr;MT;autotrophy;autotrophy;no;0.2;oxic;no;yes;no;no;no;no;no;no;no;no;no;no;NA;NA;NA;autotrophy
K16;K16;2021;H41;Autotrophy;Autotrophy;194;>3weeks;12-2021 01 14Autotrophy-SIPsulf;12-Autotrophy;AutotrophyEnr;MT;autotrophy;autotrophy;no;0.2;oxic;yes;yes;no;no;no;no;no;no;no;no;no;no;NA;NA;NA;autotrophy
K17;K17;2021;H41;Autotrophy;Autotrophy;194;>3weeks;12-2021 01 14Autotrophy-SIPsulf;12-Autotrophy;AutotrophyEnr;MT;autotrophy;autotrophy;no;0.2;oxic;yes;yes;no;no;no;no;no;no;no;no;no;no;NA;NA;NA;autotrophy
K18;K18;2021;H41;Autotrophy;Autotrophy;194;>3weeks;12-2021 01 14Autotrophy-SIPsulf;12-Autotrophy;AutotrophyEnr;MT;autotrophy;autotrophy;no;0.2;oxic;yes;yes;no;no;no;no;no;no;no;no;no;no;NA;NA;NA;autotrophy
K19;K19;2021;H52;Autotrophy;Autotrophy;194;>3weeks;12-2021 01 14Autotrophy-SIPsulf;12-Autotrophy;AutotrophyEnr;MT;autotrophy;autotrophy;no;0.2;anoxic;no;yes;yes;yes;no;no;no;no;no;no;no;no;NA;NA;NA;autotrophy
K2;K2;2021;H41;Autotrophy;Autotrophy;208;>3weeks;12-2021 01 14Autotrophy-SIPsulf;12-Autotrophy;AutotrophyEnr;MT;autotrophy;autotrophy;no;0.2;oxic;no;yes;no;no;no;no;no;no;no;no;no;no;NA;NA;NA;autotrophy
K20;K20;2021;H52;Autotrophy;Autotrophy;194;>3weeks;12-2021 01 14Autotrophy-SIPsulf;12-Autotrophy;AutotrophyEnr;MT;autotrophy;autotrophy;no;0.2;anoxic;no;yes;yes;yes;no;no;no;no;no;no;no;no;NA;NA;NA;autotrophy
K21;K21;2021;H52;Autotrophy;Autotrophy;194;>3weeks;12-2021 01 14Autotrophy-SIPsulf;12-Autotrophy;AutotrophyEnr;MT;autotrophy;autotrophy;no;0.2;anoxic;no;yes;yes;yes;no;no;no;no;no;no;no;no;NA;NA;NA;autotrophy
K22;K22;2021;H52;Autotrophy;Autotrophy;194;>3weeks;12-2021 01 14Autotrophy-SIPsulf;12-Autotrophy;AutotrophyEnr;MT;autotrophy;autotrophy;no;0.2;anoxic;yes;yes;no;yes;no;no;no;no;no;no;no;no;NA;NA;NA;autotrophy
K23;K23;2021;H52;Autotrophy;Autotrophy;194;>3weeks;12-2021 01 14Autotrophy-SIPsulf;12-Autotrophy;AutotrophyEnr;MT;autotrophy;autotrophy;no;0.2;anoxic;yes;yes;no;yes;no;no;no;no;no;no;no;no;NA;NA;NA;autotrophy
K24;K24;2021;H52;Autotrophy;Autotrophy;194;>3weeks;12-2021 01 14Autotrophy-SIPsulf;12-Autotrophy;AutotrophyEnr;MT;autotrophy;autotrophy;no;0.2;anoxic;yes;yes;no;yes;no;no;no;no;no;no;no;no;NA;NA;NA;autotrophy
K3;K3;2021;H41;Autotrophy;Autotrophy;208;>3weeks;12-2021 01 14Autotrophy-SIPsulf;12-Autotrophy;AutotrophyEnr;MT;autotrophy;autotrophy;no;0.2;oxic;no;yes;no;no;no;no;no;no;no;no;no;no;NA;NA;NA;autotrophy
K4;K4;2021;H41;Autotrophy;Autotrophy;208;>3weeks;12-2021 01 14Autotrophy-SIPsulf;12-Autotrophy;AutotrophyEnr;MT;autotrophy;autotrophy;no;0.2;oxic;yes;yes;no;no;no;no;no;no;no;no;no;no;NA;NA;NA;autotrophy
K5;K5;2021;H41;Autotrophy;Autotrophy;208;>3weeks;12-2021 01 14Autotrophy-SIPsulf;12-Autotrophy;AutotrophyEnr;MT;autotrophy;autotrophy;no;0.2;oxic;yes;yes;no;no;no;no;no;no;no;no;no;no;NA;NA;NA;autotrophy
K6;K6;2021;H41;Autotrophy;Autotrophy;208;>3weeks;12-2021 01 14Autotrophy-SIPsulf;12-Autotrophy;AutotrophyEnr;MT;autotrophy;autotrophy;no;0.2;oxic;yes;yes;no;no;no;no;no;no;no;no;no;no;NA;NA;NA;autotrophy
K7;K7;2021;H52;Autotrophy;Autotrophy;208;>3weeks;12-2021 01 14Autotrophy-SIPsulf;12-Autotrophy;AutotrophyEnr;MT;autotrophy;autotrophy;no;0.2;anoxic;no;yes;yes;yes;no;no;no;no;no;no;no;no;NA;NA;NA;autotrophy
K8;K8;2021;H52;Autotrophy;Autotrophy;208;>3weeks;12-2021 01 14Autotrophy-SIPsulf;12-Autotrophy;AutotrophyEnr;MT;autotrophy;autotrophy;no;0.2;anoxic;no;yes;yes;yes;no;no;no;no;no;no;no;no;NA;NA;NA;autotrophy
K9;K9;2021;H52;Autotrophy;Autotrophy;208;>3weeks;12-2021 01 14Autotrophy-SIPsulf;12-Autotrophy;AutotrophyEnr;MT;autotrophy;autotrophy;no;0.2;anoxic;no;yes;yes;yes;no;no;no;no;no;no;no;no;NA;NA;NA;autotrophy
l;l;2021;H41;Autotrophy;Autotrophy;69;>3weeks;12-2021 01 14Autotrophy-SIPsulf;12-Autotrophy;AutotrophyEnr;MT;autotrophy;autotrophy;no;0.2;oxic;yes;yes;no;no;no;no;no;no;no;no;no;no;1.84E+09;1.84E+09;1.13E+08;autotrophy
LA;LA;2018;H41;Before Incubation;Before Incubation;0;day0;6-Leachate D2O SIP;6-Leachate;RamanSIP2;MT;none;none;no;0.2;oxic;no;no;no;no;no;no;no;no;no;no;no;no;NA;NA;NA;Before Incubation
LB;LB;2018;H41;Before Incubation;Before Incubation;0;day0;6-Leachate D2O SIP;6-Leachate;RamanSIP2;MT;none;none;no;0.2;oxic;no;no;no;no;no;no;no;no;no;no;no;no;NA;NA;NA;Before Incubation
LC;LC;2018;H41;Before Incubation;Before Incubation;0;day0;6-Leachate D2O SIP;6-Leachate;RamanSIP2;MT;none;none;no;0.2;oxic;no;no;no;no;no;no;no;no;no;no;no;no;NA;NA;NA;Before Incubation
m;m;2021;H52;Autotrophy;Autotrophy;83;>3weeks;12-2021 01 14Autotrophy-SIPsulf;12-Autotrophy;AutotrophyEnr;MT;autotrophy;autotrophy;no;0.2;anoxic;no;yes;yes;yes;no;no;no;no;no;no;no;no;1.69E+08;1.69E+08;3.27E+07;autotrophy
MA-12C-A;MA-12C-A;2018;H41;Methylamine;Methylamine;14;2weeks;4-2018 10 20 Methylamine;4-Methylamine;MethylamineSIP;MT;methylotrophy;methylotrophy;no;0.2;oxic;no;no;no;no;yes;no;no;no;no;no;no;no;NA;NA;NA;methylotrophy
MA-12C-B;MA-12C-B;2018;H41;Methylamine;Methylamine;14;2weeks;4-2018 10 20 Methylamine;4-Methylamine;MethylamineSIP;MT;methylotrophy;methylotrophy;no;0.2;oxic;no;no;no;no;yes;no;no;no;no;no;no;no;NA;NA;NA;methylotrophy
MA-12C-C;MA-12C-C;2018;H41;Methylamine;Methylamine;14;2weeks;4-2018 10 20 Methylamine;4-Methylamine;MethylamineSIP;MT;methylotrophy;methylotrophy;no;0.2;oxic;no;no;no;no;yes;no;no;no;no;no;no;no;NA;NA;NA;methylotrophy
MA-13C-A;MA-13C-A;2018;H41;Methylamine;Methylamine;14;2weeks;4-2018 10 20 Methylamine;4-Methylamine;MethylamineSIP;MT;methylotrophy;methylotrophy;no;0.2;oxic;no;no;no;no;yes;no;no;no;no;no;no;no;NA;NA;NA;methylotrophy
MA-13C-B;MA-13C-B;2018;H41;Methylamine;Methylamine;14;2weeks;4-2018 10 20 Methylamine;4-Methylamine;MethylamineSIP;MT;methylotrophy;methylotrophy;no;0.2;oxic;no;no;no;no;yes;no;no;no;no;no;no;no;NA;NA;NA;methylotrophy
MA-13C-C;MA-13C-C;2018;H41;Methylamine;Methylamine;14;2weeks;4-2018 10 20 Methylamine;4-Methylamine;MethylamineSIP;MT;methylotrophy;methylotrophy;no;0.2;oxic;no;no;no;no;yes;no;no;no;no;no;no;no;NA;NA;NA;methylotrophy
MA-A-01;MA-A-01;2021;H41;Methylamine;Methylamine;2;1week;14-2021 04 01 Methylamine Enr;14-Methylamine;MethylamineEnr;MT;methylotrophy;methylotrophy;no;0.2;oxic;no;no;no;no;yes;no;no;no;no;no;no;no;4.15E+08;4.15E+08;7.74E+08;methylotrophy
MA-A-02;MA-A-02;2021;H41;Methylamine;Methylamine;5;1week;14-2021 04 01 Methylamine Enr;14-Methylamine;MethylamineEnr;MT;methylotrophy;methylotrophy;no;0.2;oxic;no;no;no;no;yes;no;no;no;no;no;no;no;5.12E+09;5.12E+09;2.02E+09;methylotrophy
MA-A-03;MA-A-03;2021;H41;Methylamine;Methylamine;8;2weeks;14-2021 04 01 Methylamine Enr;14-Methylamine;MethylamineEnr;MT;methylotrophy;methylotrophy;no;0.2;oxic;no;no;no;no;yes;no;no;no;no;no;no;no;8.48E+09;8.48E+09;9.56E+09;methylotrophy
MA-A-04;MA-A-04;2021;H41;Methylamine;Methylamine;12;2weeks;14-2021 04 01 Methylamine Enr;14-Methylamine;MethylamineEnr;MT;methylotrophy;methylotrophy;no;0.2;oxic;no;no;no;no;yes;no;no;no;no;no;no;no;4.17E+09;4.17E+09;1.30E+09;methylotrophy
MA-A-05;MA-A-05;2021;H41;Methylamine;Methylamine;15;3weeks;14-2021 04 01 Methylamine Enr;14-Methylamine;MethylamineEnr;MT;methylotrophy;methylotrophy;no;0.2;oxic;no;no;no;no;yes;no;no;no;no;no;no;no;7.72E+09;7.72E+09;8.34E+09;methylotrophy
MA-A-06;MA-A-06;2021;H41;Methylamine;Methylamine;19;3weeks;14-2021 04 01 Methylamine Enr;14-Methylamine;MethylamineEnr;MT;methylotrophy;methylotrophy;no;0.2;oxic;no;no;no;no;yes;no;no;no;no;no;no;no;1.58E+09;1.58E+09;5.13E+08;methylotrophy
MA-A-07;MA-A-07;2021;H41;Methylamine;Methylamine;22;>3weeks;14-2021 04 01 Methylamine Enr;14-Methylamine;MethylamineEnr;MT;methylotrophy;methylotrophy;no;0.2;oxic;no;no;no;no;yes;no;no;no;no;no;no;no;NA;NA;NA;methylotrophy
MA-A-08;MA-A-08;2021;H41;Methylamine;Methylamine;29;>3weeks;14-2021 04 01 Methylamine Enr;14-Methylamine;MethylamineEnr;MT;methylotrophy;methylotrophy;no;0.2;oxic;no;no;no;no;yes;no;no;no;no;no;no;no;1.96E+08;1.96E+08;1.57E+07;methylotrophy
MA-A-09;MA-A-09;2021;H41;Methylamine;Methylamine;34;>3weeks;14-2021 04 01 Methylamine Enr;14-Methylamine;MethylamineEnr;MT;methylotrophy;methylotrophy;no;0.2;oxic;no;no;no;no;yes;no;no;no;no;no;no;no;1.62E+09;1.62E+09;5.70E+08;methylotrophy
MA-A-10;MA-A-10;2021;H41;Methylamine;Methylamine;34;>3weeks;14-2021 04 01 Methylamine Enr;14-Methylamine;MethylamineEnr;MT;methylotrophy;methylotrophy;no;0.2;oxic;no;no;no;no;yes;no;no;no;no;no;no;no;1.62E+09;1.62E+09;5.70E+08;methylotrophy
MA-A-11;MA-A-11;2021;H41;Methylamine;Methylamine;42;>3weeks;14-2021 04 01 Methylamine Enr;14-Methylamine;MethylamineEnr;MT;methylotrophy;methylotrophy;no;0.2;oxic;no;no;no;no;yes;no;no;no;no;no;no;no;1.12E+09;1.12E+09;4.35E+08;methylotrophy
MA-A-12;MA-A-12;2021;H41;Methylamine;Methylamine;49;>3weeks;14-2021 04 01 Methylamine Enr;14-Methylamine;MethylamineEnr;MT;methylotrophy;methylotrophy;no;0.2;oxic;no;no;no;no;yes;no;no;no;no;no;no;no;2.79E+09;2.79E+09;4.15E+09;methylotrophy
MA-A-13;MA-A-13;2021;H41;Methylamine;Methylamine;64;>3weeks;14-2021 04 01 Methylamine Enr;14-Methylamine;MethylamineEnr;MT;methylotrophy;methylotrophy;no;0.2;oxic;no;no;no;no;yes;no;no;no;no;no;no;no;NA;NA;NA;methylotrophy
MA-A-14;MA-A-14;2021;H41;Methylamine;Methylamine;69;>3weeks;14-2021 04 01 Methylamine Enr;14-Methylamine;MethylamineEnr;MT;methylotrophy;methylotrophy;no;0.2;oxic;no;no;no;no;yes;no;no;no;no;no;no;no;NA;NA;NA;methylotrophy
MA-A-15;MA-A-15;2021;H41;Methylamine;Methylamine;76;>3weeks;14-2021 04 01 Methylamine Enr;14-Methylamine;MethylamineEnr;MT;methylotrophy;methylotrophy;no;0.2;oxic;no;no;no;no;yes;no;no;no;no;no;no;no;NA;NA;NA;methylotrophy
MA-A-16;MA-A-16;2021;H41;Methylamine;Methylamine;83;>3weeks;14-2021 04 01 Methylamine Enr;14-Methylamine;MethylamineEnr;MT;methylotrophy;methylotrophy;no;0.2;oxic;no;no;no;no;yes;no;no;no;no;no;no;no;NA;NA;NA;methylotrophy
MA-A-17;MA-A-17;2021;H41;Methylamine;Methylamine;97;>3weeks;14-2021 04 01 Methylamine Enr;14-Methylamine;MethylamineEnr;MT;methylotrophy;methylotrophy;no;0.2;oxic;no;no;no;no;yes;no;no;no;no;no;no;no;NA;NA;NA;methylotrophy
MA-A-18;MA-A-18;2021;H41;Methylamine;Methylamine;104;>3weeks;14-2021 04 01 Methylamine Enr;14-Methylamine;MethylamineEnr;MT;methylotrophy;methylotrophy;no;0.2;oxic;no;no;no;no;yes;no;no;no;no;no;no;no;NA;NA;NA;methylotrophy
MA-A-19;MA-A-19;2021;H41;Methylamine;Methylamine;111;>3weeks;14-2021 04 01 Methylamine Enr;14-Methylamine;MethylamineEnr;MT;methylotrophy;methylotrophy;no;0.2;oxic;no;no;no;no;yes;no;no;no;no;no;no;no;NA;NA;NA;methylotrophy
MA-A-20;MA-A-20;2021;H41;Methylamine;Methylamine;118;>3weeks;14-2021 04 01 Methylamine Enr;14-Methylamine;MethylamineEnr;MT;methylotrophy;methylotrophy;no;0.2;oxic;no;no;no;no;yes;no;no;no;no;no;no;no;NA;NA;NA;methylotrophy
MA-A-21;MA-A-21;2021;H41;Methylamine;Methylamine;125;>3weeks;14-2021 04 01 Methylamine Enr;14-Methylamine;MethylamineEnr;MT;methylotrophy;methylotrophy;no;0.2;oxic;no;no;no;no;yes;no;no;no;no;no;no;no;NA;NA;NA;methylotrophy
MA-A-22;MA-A-22;2021;H41;Methylamine;Methylamine;132;>3weeks;14-2021 04 01 Methylamine Enr;14-Methylamine;MethylamineEnr;MT;methylotrophy;methylotrophy;no;0.2;oxic;no;no;no;no;yes;no;no;no;no;no;no;no;NA;NA;NA;methylotrophy
MA-A-23;MA-A-23;2021;H41;Methylamine;Methylamine;254;>3weeks;14-2021 04 01 Methylamine Enr;14-Methylamine;MethylamineEnr;MT;methylotrophy;methylotrophy;no;0.2;oxic;no;no;no;no;yes;no;no;no;no;no;no;no;NA;NA;NA;methylotrophy
MA-A-24;MA-A-24;2021;H41;Methylamine;Methylamine;295;>3weeks;14-2021 04 01 Methylamine Enr;14-Methylamine;MethylamineEnr;MT;methylotrophy;methylotrophy;no;0.2;oxic;no;no;no;no;yes;no;no;no;no;no;no;no;NA;NA;NA;methylotrophy
MA-A-25;MA-A-25;2021;H41;Methylamine;Methylamine;302;>3weeks;14-2021 04 01 Methylamine Enr;14-Methylamine;MethylamineEnr;MT;methylotrophy;methylotrophy;no;0.2;oxic;no;no;no;no;yes;no;no;no;no;no;no;no;NA;NA;NA;methylotrophy
MA-A-26;MA-A-26;2021;H41;Methylamine;Methylamine;450;>3weeks;14-2021 04 01 Methylamine Enr;14-Methylamine;MethylamineEnr;MT;methylotrophy;methylotrophy;no;0.2;oxic;no;no;no;no;yes;no;no;no;no;no;no;no;NA;NA;NA;methylotrophy
MA-A-27;MA-A-27;2022;H41;Methylamine;Methylamine;552;>3weeks;14-2021 04 01 Methylamine Enr;14-Methylamine;MethylamineEnr;MT;methylotrophy;methylotrophy;NA;0.2;oxic;no;no;no;no;yes;no;no;no;no;no;no;no;NA;NA;NA;methylotrophy
MA-A-28;MA-A-28;2022;H41;Methylamine;Methylamine;558;>3weeks;14-2021 04 01 Methylamine Enr;14-Methylamine;MethylamineEnr;MT;methylotrophy;methylotrophy;NA;0.2;oxic;no;no;no;no;yes;no;no;no;no;no;no;no;NA;NA;NA;methylotrophy
MA-A-29;MA-A-29;2022;H41;Methylamine;Methylamine;569;>3weeks;14-2021 04 01 Methylamine Enr;14-Methylamine;MethylamineEnr;MT;methylotrophy;methylotrophy;NA;0.2;oxic;no;no;no;no;yes;no;no;no;no;no;no;no;NA;NA;NA;methylotrophy
MA-A-30;MA-A-30;2022;H41;Methylamine;Methylamine;574;>3weeks;14-2021 04 01 Methylamine Enr;14-Methylamine;MethylamineEnr;MT;methylotrophy;methylotrophy;NA;0.2;oxic;no;no;no;no;yes;no;no;no;no;no;no;no;NA;NA;NA;methylotrophy
MA-A-31;MA-A-31;2022;H41;Methylamine;Methylamine;581;>3weeks;14-2021 04 01 Methylamine Enr;14-Methylamine;MethylamineEnr;MT;methylotrophy;methylotrophy;NA;0.2;oxic;no;no;no;no;yes;no;no;no;no;no;no;no;NA;NA;NA;methylotrophy
MA-A-32;MA-A-32;2022;H41;Methylamine;Methylamine;594;>3weeks;14-2021 04 01 Methylamine Enr;14-Methylamine;MethylamineEnr;MT;methylotrophy;methylotrophy;NA;0.2;oxic;no;no;no;no;yes;no;no;no;no;no;no;no;NA;NA;NA;methylotrophy
MA-A-33;MA-A-33;2022;H41;Methylamine;Methylamine;616;>3weeks;14-2021 04 01 Methylamine Enr;14-Methylamine;MethylamineEnr;MT;methylotrophy;methylotrophy;NA;0.2;oxic;no;no;no;no;yes;no;no;no;no;no;no;no;NA;NA;NA;methylotrophy
MA-A-34;MA-A-34;2023;H41;Methylamine;Methylamine;637;>3weeks;14-2021 04 01 Methylamine Enr;14-Methylamine;MethylamineEnr;MT;methylotrophy;methylotrophy;NA;0.2;oxic;no;no;no;no;yes;no;no;no;no;no;no;no;NA;NA;NA;methylotrophy
MA-A-35;MA-A-35;2023;H41;Methylamine;Methylamine;657;>3weeks;14-2021 04 01 Methylamine Enr;14-Methylamine;MethylamineEnr;MT;methylotrophy;methylotrophy;NA;0.2;oxic;no;no;no;no;yes;no;no;no;no;no;no;no;NA;NA;NA;methylotrophy
MA-B-01;MA-B-01;2021;H41;Methylamine;Methylamine;2;1week;14-2021 04 01 Methylamine Enr;14-Methylamine;MethylamineEnr;MT;methylotrophy;methylotrophy;no;0.2;oxic;no;no;no;no;yes;no;no;no;no;no;no;no;NA;NA;NA;methylotrophy
MA-B-02;MA-B-02;2021;H41;Methylamine;Methylamine;5;1week;14-2021 04 01 Methylamine Enr;14-Methylamine;MethylamineEnr;MT;methylotrophy;methylotrophy;no;0.2;oxic;no;no;no;no;yes;no;no;no;no;no;no;no;6.79E+09;6.79E+09;1.76E+09;methylotrophy
MA-B-03;MA-B-03;2021;H41;Methylamine;Methylamine;8;2weeks;14-2021 04 01 Methylamine Enr;14-Methylamine;MethylamineEnr;MT;methylotrophy;methylotrophy;no;0.2;oxic;no;no;no;no;yes;no;no;no;no;no;no;no;8.03E+09;8.03E+09;1.49E+09;methylotrophy
MA-B-04;MA-B-04;2021;H41;Methylamine;Methylamine;12;2weeks;14-2021 04 01 Methylamine Enr;14-Methylamine;MethylamineEnr;MT;methylotrophy;methylotrophy;no;0.2;oxic;no;no;no;no;yes;no;no;no;no;no;no;no;1.15E+10;1.15E+10;4.08E+09;methylotrophy
MA-B-05;MA-B-05;2021;H41;Methylamine;Methylamine;15;3weeks;14-2021 04 01 Methylamine Enr;14-Methylamine;MethylamineEnr;MT;methylotrophy;methylotrophy;no;0.2;oxic;no;no;no;no;yes;no;no;no;no;no;no;no;6.66E+09;6.66E+09;2.36E+09;methylotrophy
MA-B-06;MA-B-06;2021;H41;Methylamine;Methylamine;19;3weeks;14-2021 04 01 Methylamine Enr;14-Methylamine;MethylamineEnr;MT;methylotrophy;methylotrophy;no;0.2;oxic;no;no;no;no;yes;no;no;no;no;no;no;no;7.01E+09;7.01E+09;6.95E+09;methylotrophy
MA-B-07;MA-B-07;2021;H41;Methylamine;Methylamine;22;>3weeks;14-2021 04 01 Methylamine Enr;14-Methylamine;MethylamineEnr;MT;methylotrophy;methylotrophy;no;0.2;oxic;no;no;no;no;yes;no;no;no;no;no;no;no;NA;NA;NA;methylotrophy
MA-B-08;MA-B-08;2021;H41;Methylamine;Methylamine;29;>3weeks;14-2021 04 01 Methylamine Enr;14-Methylamine;MethylamineEnr;MT;methylotrophy;methylotrophy;no;0.2;oxic;no;no;no;no;yes;no;no;no;no;no;no;no;7.64E+09;7.64E+09;2.11E+09;methylotrophy
MA-B-09;MA-B-09;2021;H41;Methylamine;Methylamine;34;>3weeks;14-2021 04 01 Methylamine Enr;14-Methylamine;MethylamineEnr;MT;methylotrophy;methylotrophy;no;0.2;oxic;no;no;no;no;yes;no;no;no;no;no;no;no;1.79E+09;1.79E+09;2.23E+08;methylotrophy
MA-B-10;MA-B-10;2021;H41;Methylamine;Methylamine;34;>3weeks;14-2021 04 01 Methylamine Enr;14-Methylamine;MethylamineEnr;MT;methylotrophy;methylotrophy;no;0.2;oxic;no;no;no;no;yes;no;no;no;no;no;no;no;1.79E+09;1.79E+09;2.23E+08;methylotrophy
MA-B-11;MA-B-11;2021;H41;Methylamine;Methylamine;42;>3weeks;14-2021 04 01 Methylamine Enr;14-Methylamine;MethylamineEnr;MT;methylotrophy;methylotrophy;no;0.2;oxic;no;no;no;no;yes;no;no;no;no;no;no;no;4.04E+09;4.04E+09;4.69E+09;methylotrophy
MA-B-12;MA-B-12;2021;H41;Methylamine;Methylamine;49;>3weeks;14-2021 04 01 Methylamine Enr;14-Methylamine;MethylamineEnr;MT;methylotrophy;methylotrophy;no;0.2;oxic;no;no;no;no;yes;no;no;no;no;no;no;no;1.21E+10;1.21E+10;6.56E+09;methylotrophy
MA-B-13;MA-B-13;2021;H41;Methylamine;Methylamine;64;>3weeks;14-2021 04 01 Methylamine Enr;14-Methylamine;MethylamineEnr;MT;methylotrophy;methylotrophy;no;0.2;oxic;no;no;no;no;yes;no;no;no;no;no;no;no;NA;NA;NA;methylotrophy
MA-B-14;MA-B-14;2021;H41;Methylamine;Methylamine;69;>3weeks;14-2021 04 01 Methylamine Enr;14-Methylamine;MethylamineEnr;MT;methylotrophy;methylotrophy;no;0.2;oxic;no;no;no;no;yes;no;no;no;no;no;no;no;NA;NA;NA;methylotrophy
MA-B-15;MA-B-15;2021;H41;Methylamine;Methylamine;76;>3weeks;14-2021 04 01 Methylamine Enr;14-Methylamine;MethylamineEnr;MT;methylotrophy;methylotrophy;no;0.2;oxic;no;no;no;no;yes;no;no;no;no;no;no;no;NA;NA;NA;methylotrophy
MA-B-16;MA-B-16;2021;H41;Methylamine;Methylamine;83;>3weeks;14-2021 04 01 Methylamine Enr;14-Methylamine;MethylamineEnr;MT;methylotrophy;methylotrophy;no;0.2;oxic;no;no;no;no;yes;no;no;no;no;no;no;no;NA;NA;NA;methylotrophy
MA-B-17;MA-B-17;2021;H41;Methylamine;Methylamine;97;>3weeks;14-2021 04 01 Methylamine Enr;14-Methylamine;MethylamineEnr;MT;methylotrophy;methylotrophy;no;0.2;oxic;no;no;no;no;yes;no;no;no;no;no;no;no;NA;NA;NA;methylotrophy
MA-B-18;MA-B-18;2021;H41;Methylamine;Methylamine;104;>3weeks;14-2021 04 01 Methylamine Enr;14-Methylamine;MethylamineEnr;MT;methylotrophy;methylotrophy;no;0.2;oxic;no;no;no;no;yes;no;no;no;no;no;no;no;NA;NA;NA;methylotrophy
MA-B-19;MA-B-19;2021;H41;Methylamine;Methylamine;111;>3weeks;14-2021 04 01 Methylamine Enr;14-Methylamine;MethylamineEnr;MT;methylotrophy;methylotrophy;no;0.2;oxic;no;no;no;no;yes;no;no;no;no;no;no;no;NA;NA;NA;methylotrophy
MA-B-20;MA-B-20;2021;H41;Methylamine;Methylamine;118;>3weeks;14-2021 04 01 Methylamine Enr;14-Methylamine;MethylamineEnr;MT;methylotrophy;methylotrophy;no;0.2;oxic;no;no;no;no;yes;no;no;no;no;no;no;no;NA;NA;NA;methylotrophy
MA-B-21;MA-B-21;2021;H41;Methylamine;Methylamine;125;>3weeks;14-2021 04 01 Methylamine Enr;14-Methylamine;MethylamineEnr;MT;methylotrophy;methylotrophy;no;0.2;oxic;no;no;no;no;yes;no;no;no;no;no;no;no;NA;NA;NA;methylotrophy
MA-B-22;MA-B-22;2021;H41;Methylamine;Methylamine;132;>3weeks;14-2021 04 01 Methylamine Enr;14-Methylamine;MethylamineEnr;MT;methylotrophy;methylotrophy;no;0.2;oxic;no;no;no;no;yes;no;no;no;no;no;no;no;NA;NA;NA;methylotrophy
MA-B-23;MA-B-23;2021;H41;Methylamine;Methylamine;254;>3weeks;14-2021 04 01 Methylamine Enr;14-Methylamine;MethylamineEnr;MT;methylotrophy;methylotrophy;no;0.2;oxic;no;no;no;no;yes;no;no;no;no;no;no;no;NA;NA;NA;methylotrophy
MA-B-24;MA-B-24;2021;H41;Methylamine;Methylamine;295;>3weeks;14-2021 04 01 Methylamine Enr;14-Methylamine;MethylamineEnr;MT;methylotrophy;methylotrophy;no;0.2;oxic;no;no;no;no;yes;no;no;no;no;no;no;no;NA;NA;NA;methylotrophy
MA-B-25;MA-B-25;2021;H41;Methylamine;Methylamine;302;>3weeks;14-2021 04 01 Methylamine Enr;14-Methylamine;MethylamineEnr;MT;methylotrophy;methylotrophy;no;0.2;oxic;no;no;no;no;yes;no;no;no;no;no;no;no;NA;NA;NA;methylotrophy
MA-B-26;MA-B-26;2021;H41;Methylamine;Methylamine;450;>3weeks;14-2021 04 01 Methylamine Enr;14-Methylamine;MethylamineEnr;MT;methylotrophy;methylotrophy;no;0.2;oxic;no;no;no;no;yes;no;no;no;no;no;no;no;NA;NA;NA;methylotrophy
MA-B-27;MA-B-27;2022;H41;Methylamine;Methylamine;552;>3weeks;14-2021 04 01 Methylamine Enr;14-Methylamine;MethylamineEnr;MT;methylotrophy;methylotrophy;NA;0.2;oxic;no;no;no;no;yes;no;no;no;no;no;no;no;NA;NA;NA;methylotrophy
MA-B-28;MA-B-28;2022;H41;Methylamine;Methylamine;558;>3weeks;14-2021 04 01 Methylamine Enr;14-Methylamine;MethylamineEnr;MT;methylotrophy;methylotrophy;NA;0.2;oxic;no;no;no;no;yes;no;no;no;no;no;no;no;NA;NA;NA;methylotrophy
MA-B-29;MA-B-29;2022;H41;Methylamine;Methylamine;569;>3weeks;14-2021 04 01 Methylamine Enr;14-Methylamine;MethylamineEnr;MT;methylotrophy;methylotrophy;NA;0.2;oxic;no;no;no;no;yes;no;no;no;no;no;no;no;NA;NA;NA;methylotrophy
MA-B-30;MA-B-30;2022;H41;Methylamine;Methylamine;574;>3weeks;14-2021 04 01 Methylamine Enr;14-Methylamine;MethylamineEnr;MT;methylotrophy;methylotrophy;NA;0.2;oxic;no;no;no;no;yes;no;no;no;no;no;no;no;NA;NA;NA;methylotrophy
MA-B-31;MA-B-31;2022;H41;Methylamine;Methylamine;581;>3weeks;14-2021 04 01 Methylamine Enr;14-Methylamine;MethylamineEnr;MT;methylotrophy;methylotrophy;NA;0.2;oxic;no;no;no;no;yes;no;no;no;no;no;no;no;NA;NA;NA;methylotrophy
MA-B-32;MA-B-32;2022;H41;Methylamine;Methylamine;594;>3weeks;14-2021 04 01 Methylamine Enr;14-Methylamine;MethylamineEnr;MT;methylotrophy;methylotrophy;NA;0.2;oxic;no;no;no;no;yes;no;no;no;no;no;no;no;NA;NA;NA;methylotrophy
MA-B-33;MA-B-33;2022;H41;Methylamine;Methylamine;616;>3weeks;14-2021 04 01 Methylamine Enr;14-Methylamine;MethylamineEnr;MT;methylotrophy;methylotrophy;NA;0.2;oxic;no;no;no;no;yes;no;no;no;no;no;no;no;NA;NA;NA;methylotrophy
MA-B-34;MA-B-34;2023;H41;Methylamine;Methylamine;637;>3weeks;14-2021 04 01 Methylamine Enr;14-Methylamine;MethylamineEnr;MT;methylotrophy;methylotrophy;NA;0.2;oxic;no;no;no;no;yes;no;no;no;no;no;no;no;NA;NA;NA;methylotrophy
MA-B-35;MA-B-35;2023;H41;Methylamine;Methylamine;657;>3weeks;14-2021 04 01 Methylamine Enr;14-Methylamine;MethylamineEnr;MT;methylotrophy;methylotrophy;NA;0.2;oxic;no;no;no;no;yes;no;no;no;no;no;no;no;NA;NA;NA;methylotrophy
MA-C-01;MA-C-01;2021;H41;Methylamine;Methylamine;2;1week;14-2021 04 01 Methylamine Enr;14-Methylamine;MethylamineEnr;MT;methylotrophy;methylotrophy;no;0.2;oxic;no;no;no;no;yes;no;no;no;no;no;no;no;8.81E+08;8.81E+08;0.00E+00;methylotrophy
MA-C-02;MA-C-02;2021;H41;Methylamine;Methylamine;5;1week;14-2021 04 01 Methylamine Enr;14-Methylamine;MethylamineEnr;MT;methylotrophy;methylotrophy;no;0.2;oxic;no;no;no;no;yes;no;no;no;no;no;no;no;1.28E+09;1.28E+09;1.27E+09;methylotrophy
MA-C-03;MA-C-03;2021;H41;Methylamine;Methylamine;8;2weeks;14-2021 04 01 Methylamine Enr;14-Methylamine;MethylamineEnr;MT;methylotrophy;methylotrophy;no;0.2;oxic;no;no;no;no;yes;no;no;no;no;no;no;no;2.96E+10;2.96E+10;5.60E+09;methylotrophy
MA-C-04;MA-C-04;2021;H41;Methylamine;Methylamine;12;2weeks;14-2021 04 01 Methylamine Enr;14-Methylamine;MethylamineEnr;MT;methylotrophy;methylotrophy;no;0.2;oxic;no;no;no;no;yes;no;no;no;no;no;no;no;1.30E+10;1.30E+10;4.93E+09;methylotrophy
MA-C-05;MA-C-05;2021;H41;Methylamine;Methylamine;15;3weeks;14-2021 04 01 Methylamine Enr;14-Methylamine;MethylamineEnr;MT;methylotrophy;methylotrophy;no;0.2;oxic;no;no;no;no;yes;no;no;no;no;no;no;no;2.78E+09;2.78E+09;1.24E+09;methylotrophy
MA-C-06;MA-C-06;2021;H41;Methylamine;Methylamine;19;3weeks;14-2021 04 01 Methylamine Enr;14-Methylamine;MethylamineEnr;MT;methylotrophy;methylotrophy;no;0.2;oxic;no;no;no;no;yes;no;no;no;no;no;no;no;1.12E+10;1.12E+10;6.34E+09;methylotrophy
MA-C-07;MA-C-07;2021;H41;Methylamine;Methylamine;22;>3weeks;14-2021 04 01 Methylamine Enr;14-Methylamine;MethylamineEnr;MT;methylotrophy;methylotrophy;no;0.2;oxic;no;no;no;no;yes;no;no;no;no;no;no;no;NA;NA;NA;methylotrophy
MA-C-08;MA-C-08;2021;H41;Methylamine;Methylamine;29;>3weeks;14-2021 04 01 Methylamine Enr;14-Methylamine;MethylamineEnr;MT;methylotrophy;methylotrophy;no;0.2;oxic;no;no;no;no;yes;no;no;no;no;no;no;no;4.40E+08;4.40E+08;2.62E+08;methylotrophy
MA-C-09;MA-C-09;2021;H41;Methylamine;Methylamine;34;>3weeks;14-2021 04 01 Methylamine Enr;14-Methylamine;MethylamineEnr;MT;methylotrophy;methylotrophy;no;0.2;oxic;no;no;no;no;yes;no;no;no;no;no;no;no;4.14E+09;4.14E+09;1.39E+09;methylotrophy
MA-C-10;MA-C-10;2021;H41;Methylamine;Methylamine;34;>3weeks;14-2021 04 01 Methylamine Enr;14-Methylamine;MethylamineEnr;MT;methylotrophy;methylotrophy;no;0.2;oxic;no;no;no;no;yes;no;no;no;no;no;no;no;4.14E+09;4.14E+09;1.39E+09;methylotrophy
MA-C-11;MA-C-11;2021;H41;Methylamine;Methylamine;42;>3weeks;14-2021 04 01 Methylamine Enr;14-Methylamine;MethylamineEnr;MT;methylotrophy;methylotrophy;no;0.2;oxic;no;no;no;no;yes;no;no;no;no;no;no;no;7.79E+09;7.79E+09;1.80E+10;methylotrophy
MA-C-12;MA-C-12;2021;H41;Methylamine;Methylamine;49;>3weeks;14-2021 04 01 Methylamine Enr;14-Methylamine;MethylamineEnr;MT;methylotrophy;methylotrophy;no;0.2;oxic;no;no;no;no;yes;no;no;no;no;no;no;no;1.16E+10;1.16E+10;1.91E+10;methylotrophy
MA-C-13;MA-C-13;2021;H41;Methylamine;Methylamine;64;>3weeks;14-2021 04 01 Methylamine Enr;14-Methylamine;MethylamineEnr;MT;methylotrophy;methylotrophy;no;0.2;oxic;no;no;no;no;yes;no;no;no;no;no;no;no;NA;NA;NA;methylotrophy
MA-C-14;MA-C-14;2021;H41;Methylamine;Methylamine;69;>3weeks;14-2021 04 01 Methylamine Enr;14-Methylamine;MethylamineEnr;MT;methylotrophy;methylotrophy;no;0.2;oxic;no;no;no;no;yes;no;no;no;no;no;no;no;NA;NA;NA;methylotrophy
MA-C-15;MA-C-15;2021;H41;Methylamine;Methylamine;76;>3weeks;14-2021 04 01 Methylamine Enr;14-Methylamine;MethylamineEnr;MT;methylotrophy;methylotrophy;no;0.2;oxic;no;no;no;no;yes;no;no;no;no;no;no;no;NA;NA;NA;methylotrophy
MA-C-16;MA-C-16;2021;H41;Methylamine;Methylamine;83;>3weeks;14-2021 04 01 Methylamine Enr;14-Methylamine;MethylamineEnr;MT;methylotrophy;methylotrophy;no;0.2;oxic;no;no;no;no;yes;no;no;no;no;no;no;no;NA;NA;NA;methylotrophy
MA-C-17;MA-C-17;2021;H41;Methylamine;Methylamine;97;>3weeks;14-2021 04 01 Methylamine Enr;14-Methylamine;MethylamineEnr;MT;methylotrophy;methylotrophy;no;0.2;oxic;no;no;no;no;yes;no;no;no;no;no;no;no;NA;NA;NA;methylotrophy
MA-C-18;MA-C-18;2021;H41;Methylamine;Methylamine;104;>3weeks;14-2021 04 01 Methylamine Enr;14-Methylamine;MethylamineEnr;MT;methylotrophy;methylotrophy;no;0.2;oxic;no;no;no;no;yes;no;no;no;no;no;no;no;NA;NA;NA;methylotrophy
MA-C-19;MA-C-19;2021;H41;Methylamine;Methylamine;111;>3weeks;14-2021 04 01 Methylamine Enr;14-Methylamine;MethylamineEnr;MT;methylotrophy;methylotrophy;no;0.2;oxic;no;no;no;no;yes;no;no;no;no;no;no;no;NA;NA;NA;methylotrophy
MA-C-20;MA-C-20;2021;H41;Methylamine;Methylamine;118;>3weeks;14-2021 04 01 Methylamine Enr;14-Methylamine;MethylamineEnr;MT;methylotrophy;methylotrophy;no;0.2;oxic;no;no;no;no;yes;no;no;no;no;no;no;no;NA;NA;NA;methylotrophy
MA-C-21;MA-C-21;2021;H41;Methylamine;Methylamine;125;>3weeks;14-2021 04 01 Methylamine Enr;14-Methylamine;MethylamineEnr;MT;methylotrophy;methylotrophy;no;0.2;oxic;no;no;no;no;yes;no;no;no;no;no;no;no;NA;NA;NA;methylotrophy
MA-C-22;MA-C-22;2021;H41;Methylamine;Methylamine;132;>3weeks;14-2021 04 01 Methylamine Enr;14-Methylamine;MethylamineEnr;MT;methylotrophy;methylotrophy;no;0.2;oxic;no;no;no;no;yes;no;no;no;no;no;no;no;NA;NA;NA;methylotrophy
MA-C-23;MA-C-23;2021;H41;Methylamine;Methylamine;254;>3weeks;14-2021 04 01 Methylamine Enr;14-Methylamine;MethylamineEnr;MT;methylotrophy;methylotrophy;no;0.2;oxic;no;no;no;no;yes;no;no;no;no;no;no;no;NA;NA;NA;methylotrophy
MA-C-24;MA-C-24;2021;H41;Methylamine;Methylamine;295;>3weeks;14-2021 04 01 Methylamine Enr;14-Methylamine;MethylamineEnr;MT;methylotrophy;methylotrophy;no;0.2;oxic;no;no;no;no;yes;no;no;no;no;no;no;no;NA;NA;NA;methylotrophy
MA-C-25;MA-C-25;2021;H41;Methylamine;Methylamine;302;>3weeks;14-2021 04 01 Methylamine Enr;14-Methylamine;MethylamineEnr;MT;methylotrophy;methylotrophy;no;0.2;oxic;no;no;no;no;yes;no;no;no;no;no;no;no;NA;NA;NA;methylotrophy
MA-C-26;MA-C-26;2021;H41;Methylamine;Methylamine;450;>3weeks;14-2021 04 01 Methylamine Enr;14-Methylamine;MethylamineEnr;MT;methylotrophy;methylotrophy;no;0.2;oxic;no;no;no;no;yes;no;no;no;no;no;no;no;NA;NA;NA;methylotrophy
MA-C-27;MA-C-27;2022;H41;Methylamine;Methylamine;552;>3weeks;14-2021 04 01 Methylamine Enr;14-Methylamine;MethylamineEnr;MT;methylotrophy;methylotrophy;NA;0.2;oxic;no;no;no;no;yes;no;no;no;no;no;no;no;NA;NA;NA;methylotrophy
MA-C-28;MA-C-28;2022;H41;Methylamine;Methylamine;558;>3weeks;14-2021 04 01 Methylamine Enr;14-Methylamine;MethylamineEnr;MT;methylotrophy;methylotrophy;NA;0.2;oxic;no;no;no;no;yes;no;no;no;no;no;no;no;NA;NA;NA;methylotrophy
MA-C-29;MA-C-29;2022;H41;Methylamine;Methylamine;569;>3weeks;14-2021 04 01 Methylamine Enr;14-Methylamine;MethylamineEnr;MT;methylotrophy;methylotrophy;NA;0.2;oxic;no;no;no;no;yes;no;no;no;no;no;no;no;NA;NA;NA;methylotrophy
MA-C-30;MA-C-30;2022;H41;Methylamine;Methylamine;574;>3weeks;14-2021 04 01 Methylamine Enr;14-Methylamine;MethylamineEnr;MT;methylotrophy;methylotrophy;NA;0.2;oxic;no;no;no;no;yes;no;no;no;no;no;no;no;NA;NA;NA;methylotrophy
MA-C-31;MA-C-31;2022;H41;Methylamine;Methylamine;581;>3weeks;14-2021 04 01 Methylamine Enr;14-Methylamine;MethylamineEnr;MT;methylotrophy;methylotrophy;NA;0.2;oxic;no;no;no;no;yes;no;no;no;no;no;no;no;NA;NA;NA;methylotrophy
MA-C-32;MA-C-32;2022;H41;Methylamine;Methylamine;594;>3weeks;14-2021 04 01 Methylamine Enr;14-Methylamine;MethylamineEnr;MT;methylotrophy;methylotrophy;NA;0.2;oxic;no;no;no;no;yes;no;no;no;no;no;no;no;NA;NA;NA;methylotrophy
MA-C-33;MA-C-33;2022;H41;Methylamine;Methylamine;616;>3weeks;14-2021 04 01 Methylamine Enr;14-Methylamine;MethylamineEnr;MT;methylotrophy;methylotrophy;NA;0.2;oxic;no;no;no;no;yes;no;no;no;no;no;no;no;NA;NA;NA;methylotrophy
MA-C-34;MA-C-34;2023;H41;Methylamine;Methylamine;637;>3weeks;14-2021 04 01 Methylamine Enr;14-Methylamine;MethylamineEnr;MT;methylotrophy;methylotrophy;NA;0.2;oxic;no;no;no;no;yes;no;no;no;no;no;no;no;NA;NA;NA;methylotrophy
MA-C-35;MA-C-35;2023;H41;Methylamine;Methylamine;657;>3weeks;14-2021 04 01 Methylamine Enr;14-Methylamine;MethylamineEnr;MT;methylotrophy;methylotrophy;NA;0.2;oxic;no;no;no;no;yes;no;no;no;no;no;no;no;NA;NA;NA;methylotrophy
n;n;2021;H52;Autotrophy;Autotrophy;83;>3weeks;12-2021 01 14Autotrophy-SIPsulf;12-Autotrophy;AutotrophyEnr;MT;autotrophy;autotrophy;no;0.2;anoxic;no;yes;yes;yes;no;no;no;no;no;no;no;no;2.58E+08;2.58E+08;2.72E+07;autotrophy
ND1;ND1;2018;H41;Leachate;Leachate;21;3weeks;6-Leachate D2O SIP;6-Leachate;RamanSIP2;MT;none;none;yes;0.2;oxic;no;no;no;no;no;no;no;no;no;no;no;no;NA;NA;NA;none
ND2;ND2;2018;H41;Leachate;Leachate;21;3weeks;6-Leachate D2O SIP;6-Leachate;RamanSIP2;MT;none;none;yes;0.2;oxic;no;no;no;no;no;no;no;no;no;no;no;no;NA;NA;NA;none
ND3;ND3;2018;H41;Leachate;Leachate;21;3weeks;6-Leachate D2O SIP;6-Leachate;RamanSIP2;MT;none;none;yes;0.2;oxic;no;no;no;no;no;no;no;no;no;no;no;no;NA;NA;NA;none
NH1;NH1;2018;H41;Leachate;Leachate;21;3weeks;6-Leachate D2O SIP;6-Leachate;RamanSIP2;MT;none;none;yes;0.2;oxic;no;no;no;no;no;no;no;no;no;no;no;no;NA;NA;NA;none
NH2;NH2;2018;H41;Leachate;Leachate;21;3weeks;6-Leachate D2O SIP;6-Leachate;RamanSIP2;MT;none;none;yes;0.2;oxic;no;no;no;no;no;no;no;no;no;no;no;no;NA;NA;NA;none
NH3;NH3;2018;H41;Leachate;Leachate;21;3weeks;6-Leachate D2O SIP;6-Leachate;RamanSIP2;MT;none;none;yes;0.2;oxic;no;no;no;no;no;no;no;no;no;no;no;no;NA;NA;NA;none
o;o;2021;H52;Autotrophy;Autotrophy;83;>3weeks;12-2021 01 14Autotrophy-SIPsulf;12-Autotrophy;AutotrophyEnr;MT;autotrophy;autotrophy;no;0.2;anoxic;no;yes;yes;yes;no;no;no;no;no;no;no;no;3.01E+08;3.01E+08;9.02E+06;autotrophy
p;p;2021;H52;Autotrophy;Autotrophy;83;>3weeks;12-2021 01 14Autotrophy-SIPsulf;12-Autotrophy;AutotrophyEnr;MT;autotrophy;autotrophy;no;0.2;anoxic;yes;yes;no;yes;no;no;no;no;no;no;no;no;1.06E+09;1.06E+09;7.45E+07;autotrophy
q;q;2021;H52;Autotrophy;Autotrophy;83;>3weeks;12-2021 01 14Autotrophy-SIPsulf;12-Autotrophy;AutotrophyEnr;MT;autotrophy;autotrophy;no;0.2;anoxic;yes;yes;no;yes;no;no;no;no;no;no;no;no;5.43E+09;5.43E+09;4.55E+08;autotrophy
r;r;2021;H52;Autotrophy;Autotrophy;83;>3weeks;12-2021 01 14Autotrophy-SIPsulf;12-Autotrophy;AutotrophyEnr;MT;autotrophy;autotrophy;no;0.2;anoxic;yes;yes;no;yes;no;no;no;no;no;no;no;no;7.83E+08;7.83E+08;7.58E+07;autotrophy
RT1;RT1;2021;H41;R2A;1A, mixing ratio GW:#002 1:1;50;>3weeks;15-Kevin;15-Kevin;RamanTrial;KB;organic_undefined;organic_undefined;no;0.2;oxic;no;no;no;no;no;no;no;no;no;no;yes;no;NA;NA;NA;organic_undefined
RT2;RT2;2021;H41;R2A;1B, mixing ratio GW:#002 1:1;50;>3weeks;15-Kevin;15-Kevin;RamanTrial;KB;organic_undefined;organic_undefined;no;0.2;oxic;no;no;no;no;no;no;no;no;no;no;yes;no;NA;NA;NA;organic_undefined
RT3;RT3;2021;H41;R2A;2A, mixing ratio GW:#002 9:1;50;>3weeks;15-Kevin;15-Kevin;RamanTrial;KB;organic_undefined;organic_undefined;no;0.2;oxic;no;no;no;no;no;no;no;no;no;no;yes;no;NA;NA;NA;organic_undefined
RT4;RT4;2021;H41;R2A;2B, mixing ratio GW:#002 9:1;50;>3weeks;15-Kevin;15-Kevin;RamanTrial;KB;organic_undefined;organic_undefined;no;0.2;oxic;no;no;no;no;no;no;no;no;no;no;yes;no;NA;NA;NA;organic_undefined
RT5;RT5;2021;H41;R2A;3A, mixing ratio GW:#002 19:1;50;>3weeks;15-Kevin;15-Kevin;RamanTrial;KB;organic_undefined;organic_undefined;no;0.2;oxic;no;no;no;no;no;no;no;no;no;no;yes;no;NA;NA;NA;organic_undefined
RT6;RT6;2021;H41;R2A;3B, mixing ratio GW:#002 19:1;50;>3weeks;15-Kevin;15-Kevin;RamanTrial;KB;organic_undefined;organic_undefined;no;0.2;oxic;no;no;no;no;no;no;no;no;no;no;yes;no;NA;NA;NA;organic_undefined
RT7;RT7;2021;H41;R2A;4A, mixing ratio GW:#002 99:1;50;>3weeks;15-Kevin;15-Kevin;RamanTrial;KB;organic_undefined;organic_undefined;no;0.2;oxic;no;no;no;no;no;no;no;no;no;no;yes;no;NA;NA;NA;organic_undefined
RT8;RT8;2021;H41;R2A;4B, mixing ratio GW:#002 99:1;50;>3weeks;15-Kevin;15-Kevin;RamanTrial;KB;organic_undefined;organic_undefined;no;0.2;oxic;no;no;no;no;no;no;no;no;no;no;yes;no;NA;NA;NA;organic_undefined
s;s;2021;H52;Autotrophy;Autotrophy;69;>3weeks;12-2021 01 14Autotrophy-SIPsulf;12-Autotrophy;AutotrophyEnr;MT;autotrophy;autotrophy;no;0.2;anoxic;no;yes;yes;yes;no;no;no;no;no;no;no;no;1.48E+09;1.48E+09;5.44E+07;autotrophy
S1D1;S1D1;2018;H41;Leachate;Leachate;21;3weeks;6-Leachate D2O SIP;6-Leachate;RamanSIP2;MT;organic_undefined;organic_undefined;yes;0.2;oxic;no;no;no;no;no;no;no;no;yes;no;no;no;NA;NA;NA;organic_undefined
S1D2;S1D2;2018;H41;Leachate;Leachate;21;3weeks;6-Leachate D2O SIP;6-Leachate;RamanSIP2;MT;organic_undefined;organic_undefined;yes;0.2;oxic;no;no;no;no;no;no;no;no;yes;no;no;no;NA;NA;NA;organic_undefined
S1D3;S1D3;2018;H41;Leachate;Leachate;21;3weeks;6-Leachate D2O SIP;6-Leachate;RamanSIP2;MT;organic_undefined;organic_undefined;yes;0.2;oxic;no;no;no;no;no;no;no;no;yes;no;no;no;NA;NA;NA;organic_undefined
S1H1;S1H1;2018;H41;Leachate;Leachate;21;3weeks;6-Leachate D2O SIP;6-Leachate;RamanSIP2;MT;organic_undefined;organic_undefined;yes;0.2;oxic;no;no;no;no;no;no;no;no;yes;no;no;no;NA;NA;NA;organic_undefined
S1H2;S1H2;2018;H41;Leachate;Leachate;21;3weeks;6-Leachate D2O SIP;6-Leachate;RamanSIP2;MT;organic_undefined;organic_undefined;yes;0.2;oxic;no;no;no;no;no;no;no;no;yes;no;no;no;NA;NA;NA;organic_undefined
S1H3;S1H3;2018;H41;Leachate;Leachate;21;3weeks;6-Leachate D2O SIP;6-Leachate;RamanSIP2;MT;organic_undefined;organic_undefined;yes;0.2;oxic;no;no;no;no;no;no;no;no;yes;no;no;no;NA;NA;NA;organic_undefined
S2D1;S2D1;2018;H41;Leachate;Leachate;28;>3weeks;6-Leachate D2O SIP;6-Leachate;RamanSIP2;MT;organic_undefined;organic_undefined;yes;0.2;oxic;no;no;no;no;no;no;no;no;yes;no;no;no;NA;NA;NA;organic_undefined
S2D2;S2D2;2018;H41;Leachate;Leachate;28;>3weeks;6-Leachate D2O SIP;6-Leachate;RamanSIP2;MT;organic_undefined;organic_undefined;yes;0.2;oxic;no;no;no;no;no;no;no;no;yes;no;no;no;NA;NA;NA;organic_undefined
S2D3;S2D3;2018;H41;Leachate;Leachate;28;>3weeks;6-Leachate D2O SIP;6-Leachate;RamanSIP2;MT;organic_undefined;organic_undefined;yes;0.2;oxic;no;no;no;no;no;no;no;no;yes;no;no;no;NA;NA;NA;organic_undefined
S2H1;S2H1;2018;H41;Leachate;Leachate;28;>3weeks;6-Leachate D2O SIP;6-Leachate;RamanSIP2;MT;organic_undefined;organic_undefined;yes;0.2;oxic;no;no;no;no;no;no;no;no;yes;no;no;no;NA;NA;NA;organic_undefined
S2H2;S2H2;2018;H41;Leachate;Leachate;28;>3weeks;6-Leachate D2O SIP;6-Leachate;RamanSIP2;MT;organic_undefined;organic_undefined;yes;0.2;oxic;no;no;no;no;no;no;no;no;yes;no;no;no;NA;NA;NA;organic_undefined
S2H3;S2H3;2018;H41;Leachate;Leachate;28;>3weeks;6-Leachate D2O SIP;6-Leachate;RamanSIP2;MT;organic_undefined;organic_undefined;yes;0.2;oxic;no;no;no;no;no;no;no;no;yes;no;no;no;NA;NA;NA;organic_undefined
t;t;2021;H52;Autotrophy;Autotrophy;69;>3weeks;12-2021 01 14Autotrophy-SIPsulf;12-Autotrophy;AutotrophyEnr;MT;autotrophy;autotrophy;no;0.2;anoxic;no;yes;yes;yes;no;no;no;no;no;no;no;no;1.89E+08;1.89E+08;1.61E+07;autotrophy
t0-1;t0-1;2018;H52;Before Incubation;Before Incubation;0;day0;7-2018 12 14 Beatrix Project Mo;7-Autotrophy;H52AutoSIPtest;BMH;none;none;no;0.2;anoxic;no;no;no;no;no;no;no;no;no;no;no;no;7.98E+07;7.98E+07;6.02E+06;Before Incubation
t0-2;t0-2;2018;H52;Before Incubation;Before Incubation;0;day0;7-2018 12 14 Beatrix Project Mo;7-Autotrophy;H52AutoSIPtest;BMH;none;none;no;0.2;anoxic;no;no;no;no;no;no;no;no;no;no;no;no;1.11E+06;1.11E+06;1.30E+05;Before Incubation
t0-3;t0-3;2018;H52;Before Incubation;Before Incubation;0;day0;7-2018 12 14 Beatrix Project Mo;7-Autotrophy;H52AutoSIPtest;BMH;none;none;no;0.2;anoxic;no;no;no;no;no;no;no;no;no;no;no;no;4.08E+07;4.08E+07;1.38E+06;Before Incubation
T0A-0-1-um;T0A-0-1-um;2019;H52;Before Incubation;Before Incubation;0;day0;11-2019 04 12 H52 autotrophy;11-Autotrophy;H52AutoSIP;BMH;none;none;no;0.1;anoxic;no;no;no;no;no;no;no;no;no;no;no;no;4.46E+05;4.46E+05;3.75E+04;Before Incubation
T0A-1-0-2-um;T0A-1-0-2-um;2019;H52;Before Incubation;Before Incubation;0;day0;11-2019 04 12 H52 autotrophy;11-Autotrophy;H52AutoSIP;BMH;none;none;no;0.2;anoxic;no;no;no;no;no;no;no;no;no;no;no;no;4.69E+05;4.69E+05;5.53E+04;Before Incubation
T0A-2-0-2-um;T0A-2-0-2-um;2019;H52;Before Incubation;Before Incubation;0;day0;11-2019 04 12 H52 autotrophy;11-Autotrophy;H52AutoSIP;BMH;none;none;no;0.2;anoxic;no;no;no;no;no;no;no;no;no;no;no;no;8.17E+05;8.17E+05;1.10E+05;Before Incubation
T0A-3-0-2-um;T0A-3-0-2-um;2019;H52;Before Incubation;Before Incubation;0;day0;11-2019 04 12 H52 autotrophy;11-Autotrophy;H52AutoSIP;BMH;none;none;no;0.2;anoxic;no;no;no;no;no;no;no;no;no;no;no;no;4.56E+03;4.56E+03;8.28E+02;Before Incubation
T0B-1-0-2-um;T0B-1-0-2-um;2019;H52;Before Incubation;Before Incubation;0;day0;11-2019 04 12 H52 autotrophy;11-Autotrophy;H52AutoSIP;BMH;none;none;no;0.2;anoxic;no;no;no;no;no;no;no;no;no;no;no;no;4.30E+07;4.30E+07;4.86E+06;Before Incubation
T0B-2-0-2-um;T0B-2-0-2-um;2019;H52;Before Incubation;Before Incubation;0;day0;11-2019 04 12 H52 autotrophy;11-Autotrophy;H52AutoSIP;BMH;none;none;no;0.2;anoxic;no;no;no;no;no;no;no;no;no;no;no;no;5.82E+06;5.82E+06;2.51E+05;Before Incubation
T0B-3-0-2-um;T0B-3-0-2-um;2019;H52;Before Incubation;Before Incubation;0;day0;11-2019 04 12 H52 autotrophy;11-Autotrophy;H52AutoSIP;BMH;none;none;no;0.2;anoxic;no;no;no;no;no;no;no;no;no;no;no;no;4.21E+07;4.21E+07;5.86E+06;Before Incubation
T1-1-0-2-um;T1-1-0-2-um;2019;H52;Autotrophy;Autotrophy;7;1week;11-2019 04 12 H52 autotrophy;11-Autotrophy;H52AutoSIP;BMH;autotrophy;autotrophy;no;0.2;anoxic;yes;yes;no;yes;no;no;no;no;no;no;no;no;3.85E+09;3.85E+09;1.29E+09;autotrophy
T1-13C-1-0-2-um;T1-13C-1-0-2-um;2019;H52;Autotrophy;Autotrophy;7;1week;11-2019 04 12 H52 autotrophy;11-Autotrophy;H52AutoSIP;BMH;autotrophy;autotrophy;no;0.2;anoxic;yes;yes;no;yes;no;no;no;no;no;no;no;no;1.10E+09;1.10E+09;1.54E+08;autotrophy
T1-13C-2-0-2-um;T1-13C-2-0-2-um;2019;H52;Autotrophy;Autotrophy;7;1week;11-2019 04 12 H52 autotrophy;11-Autotrophy;H52AutoSIP;BMH;autotrophy;autotrophy;no;0.2;anoxic;yes;yes;no;yes;no;no;no;no;no;no;no;no;4.35E+09;4.35E+09;7.60E+08;autotrophy
T1-13C-3-0-2-um;T1-13C-3-0-2-um;2019;H52;Autotrophy;Autotrophy;7;1week;11-2019 04 12 H52 autotrophy;11-Autotrophy;H52AutoSIP;BMH;autotrophy;autotrophy;no;0.2;anoxic;yes;yes;no;yes;no;no;no;no;no;no;no;no;1.45E+07;1.45E+07;1.02E+06;autotrophy
T1-2-0-2-um;T1-2-0-2-um;2019;H52;Autotrophy;Autotrophy;7;1week;11-2019 04 12 H52 autotrophy;11-Autotrophy;H52AutoSIP;BMH;autotrophy;autotrophy;no;0.2;anoxic;yes;yes;no;yes;no;no;no;no;no;no;no;no;7.59E+09;7.59E+09;3.42E+08;autotrophy
T1-3-0-2-um;T1-3-0-2-um;2019;H52;Autotrophy;Autotrophy;7;1week;11-2019 04 12 H52 autotrophy;11-Autotrophy;H52AutoSIP;BMH;autotrophy;autotrophy;no;0.2;anoxic;yes;yes;no;yes;no;no;no;no;no;no;no;no;7.69E+07;7.69E+07;8.70E+06;autotrophy
T1F-1-0-2-um;T1F-1-0-2-um;2019;H52;Autotrophy;Autotrophy;7;1week;11-2019 04 12 H52 autotrophy;11-Autotrophy;H52AutoSIP;BMH;autotrophy;autotrophy;yes;0.2;anoxic;yes;yes;no;yes;no;no;no;no;no;no;no;no;9.02E+06;9.02E+06;1.57E+06;autotrophy
T1F-13C-1-0-2-um;T1F-13C-1-0-2-um;2019;H52;Autotrophy;Autotrophy;7;1week;11-2019 04 12 H52 autotrophy;11-Autotrophy;H52AutoSIP;BMH;autotrophy;autotrophy;yes;0.2;anoxic;yes;yes;no;yes;no;no;no;no;no;no;no;no;2.65E+07;2.65E+07;1.63E+06;autotrophy
T1F-13C-2-0-2-um;T1F-13C-2-0-2-um;2019;H52;Autotrophy;Autotrophy;7;1week;11-2019 04 12 H52 autotrophy;11-Autotrophy;H52AutoSIP;BMH;autotrophy;autotrophy;yes;0.2;anoxic;yes;yes;no;yes;no;no;no;no;no;no;no;no;3.87E+07;3.87E+07;4.89E+06;autotrophy
T1F-13C-3-0-2-um;T1F-13C-3-0-2-um;2019;H52;Autotrophy;Autotrophy;7;1week;11-2019 04 12 H52 autotrophy;11-Autotrophy;H52AutoSIP;BMH;autotrophy;autotrophy;yes;0.2;anoxic;yes;yes;no;yes;no;no;no;no;no;no;no;no;4.83E+06;4.83E+06;6.50E+05;autotrophy
T1F-2-0-2-um;T1F-2-0-2-um;2019;H52;Autotrophy;Autotrophy;7;1week;11-2019 04 12 H52 autotrophy;11-Autotrophy;H52AutoSIP;BMH;autotrophy;autotrophy;yes;0.2;anoxic;yes;yes;no;yes;no;no;no;no;no;no;no;no;2.31E+07;2.31E+07;1.63E+06;autotrophy
T1F-3-0-2-um;T1F-3-0-2-um;2019;H52;Autotrophy;Autotrophy;7;1week;11-2019 04 12 H52 autotrophy;11-Autotrophy;H52AutoSIP;BMH;autotrophy;autotrophy;yes;0.2;anoxic;yes;yes;no;yes;no;no;no;no;no;no;no;no;1.66E+04;1.66E+04;5.34E+03;autotrophy
T2-1-0-1-um;T2-1-0-1-um;2019;H52;Autotrophy;Autotrophy;21;3weeks;11-2019 04 12 H52 autotrophy;11-Autotrophy;H52AutoSIP;BMH;autotrophy;autotrophy;no;0.1;anoxic;yes;yes;no;yes;no;no;no;no;no;no;no;no;NA;NA;NA;autotrophy
T2-1-0-2-um;T2-1-0-2-um;2019;H52;Autotrophy;Autotrophy;21;3weeks;11-2019 04 12 H52 autotrophy;11-Autotrophy;H52AutoSIP;BMH;autotrophy;autotrophy;no;0.2;anoxic;yes;yes;no;yes;no;no;no;no;no;no;no;no;5.76E+09;5.76E+09;7.55E+08;autotrophy
T2-13C-1-0-1-um;T2-13C-1-0-1-um;2019;H52;Autotrophy;Autotrophy;21;3weeks;11-2019 04 12 H52 autotrophy;11-Autotrophy;H52AutoSIP;BMH;autotrophy;autotrophy;no;0.1;anoxic;yes;yes;no;yes;no;no;no;no;no;no;no;no;NA;NA;NA;autotrophy
T2-13C-1-0-2-um;T2-13C-1-0-2-um;2019;H52;Autotrophy;Autotrophy;21;3weeks;11-2019 04 12 H52 autotrophy;11-Autotrophy;H52AutoSIP;BMH;autotrophy;autotrophy;no;0.2;anoxic;yes;yes;no;yes;no;no;no;no;no;no;no;no;7.33E+09;7.33E+09;8.07E+08;autotrophy
T2-13C-2-0-1-um;T2-13C-2-0-1-um;2019;H52;Autotrophy;Autotrophy;21;3weeks;11-2019 04 12 H52 autotrophy;11-Autotrophy;H52AutoSIP;BMH;autotrophy;autotrophy;no;0.1;anoxic;yes;yes;no;yes;no;no;no;no;no;no;no;no;NA;NA;NA;autotrophy
T2-13C-2-0-2-um;T2-13C-2-0-2-um;2019;H52;Autotrophy;Autotrophy;21;3weeks;11-2019 04 12 H52 autotrophy;11-Autotrophy;H52AutoSIP;BMH;autotrophy;autotrophy;no;0.2;anoxic;yes;yes;no;yes;no;no;no;no;no;no;no;no;5.36E+09;5.36E+09;3.68E+08;autotrophy
T2-13C-3-0-1-um;T2-13C-3-0-1-um;2019;H52;Autotrophy;Autotrophy;21;3weeks;11-2019 04 12 H52 autotrophy;11-Autotrophy;H52AutoSIP;BMH;autotrophy;autotrophy;no;0.1;anoxic;yes;yes;no;yes;no;no;no;no;no;no;no;no;NA;NA;NA;autotrophy
T2-13C-3-0-2-um;T2-13C-3-0-2-um;2019;H52;Autotrophy;Autotrophy;21;3weeks;11-2019 04 12 H52 autotrophy;11-Autotrophy;H52AutoSIP;BMH;autotrophy;autotrophy;no;0.2;anoxic;yes;yes;no;yes;no;no;no;no;no;no;no;no;7.48E+09;7.48E+09;3.26E+08;autotrophy
T2-2-0-1-um;T2-2-0-1-um;2019;H52;Autotrophy;Autotrophy;21;3weeks;11-2019 04 12 H52 autotrophy;11-Autotrophy;H52AutoSIP;BMH;autotrophy;autotrophy;no;0.1;anoxic;yes;yes;no;yes;no;no;no;no;no;no;no;no;NA;NA;NA;autotrophy
T2-2-0-2-um;T2-2-0-2-um;2019;H52;Autotrophy;Autotrophy;21;3weeks;11-2019 04 12 H52 autotrophy;11-Autotrophy;H52AutoSIP;BMH;autotrophy;autotrophy;no;0.2;anoxic;yes;yes;no;yes;no;no;no;no;no;no;no;no;6.76E+09;6.76E+09;9.05E+08;autotrophy
T2-3-0-1-um;T2-3-0-1-um;2019;H52;Autotrophy;Autotrophy;21;3weeks;11-2019 04 12 H52 autotrophy;11-Autotrophy;H52AutoSIP;BMH;autotrophy;autotrophy;no;0.1;anoxic;yes;yes;no;yes;no;no;no;no;no;no;no;no;NA;NA;NA;autotrophy
T2-3-0-2-um;T2-3-0-2-um;2019;H52;Autotrophy;Autotrophy;21;3weeks;11-2019 04 12 H52 autotrophy;11-Autotrophy;H52AutoSIP;BMH;autotrophy;autotrophy;no;0.2;anoxic;yes;yes;no;yes;no;no;no;no;no;no;no;no;2.38E+10;2.38E+10;1.79E+09;autotrophy
T2F-1-0-1-um;T2F-1-0-1-um;2019;H52;Autotrophy;Autotrophy;21;3weeks;11-2019 04 12 H52 autotrophy;11-Autotrophy;H52AutoSIP;BMH;autotrophy;autotrophy;yes;0.1;anoxic;yes;yes;no;yes;no;no;no;no;no;no;no;no;NA;NA;NA;autotrophy
T2F-1-0-2-um;T2F-1-0-2-um;2019;H52;Autotrophy;Autotrophy;21;3weeks;11-2019 04 12 H52 autotrophy;11-Autotrophy;H52AutoSIP;BMH;autotrophy;autotrophy;yes;0.2;anoxic;yes;yes;no;yes;no;no;no;no;no;no;no;no;1.26E+07;1.26E+07;8.94E+05;autotrophy
T2F-13C-1-0-1-um;T2F-13C-1-0-1-um;2019;H52;Autotrophy;Autotrophy;21;3weeks;11-2019 04 12 H52 autotrophy;11-Autotrophy;H52AutoSIP;BMH;autotrophy;autotrophy;yes;0.1;anoxic;yes;yes;no;yes;no;no;no;no;no;no;no;no;NA;NA;NA;autotrophy
T2F-13C-1-0-2-um;T2F-13C-1-0-2-um;2019;H52;Autotrophy;Autotrophy;21;3weeks;11-2019 04 12 H52 autotrophy;11-Autotrophy;H52AutoSIP;BMH;autotrophy;autotrophy;yes;0.2;anoxic;yes;yes;no;yes;no;no;no;no;no;no;no;no;4.45E+07;4.45E+07;1.57E+06;autotrophy
T2F-13C-2-0-1-um;T2F-13C-2-0-1-um;2019;H52;Autotrophy;Autotrophy;21;3weeks;11-2019 04 12 H52 autotrophy;11-Autotrophy;H52AutoSIP;BMH;autotrophy;autotrophy;yes;0.1;anoxic;yes;yes;no;yes;no;no;no;no;no;no;no;no;NA;NA;NA;autotrophy
T2F-13C-2-0-2-um;T2F-13C-2-0-2-um;2019;H52;Autotrophy;Autotrophy;21;3weeks;11-2019 04 12 H52 autotrophy;11-Autotrophy;H52AutoSIP;BMH;autotrophy;autotrophy;yes;0.2;anoxic;yes;yes;no;yes;no;no;no;no;no;no;no;no;4.53E+07;4.53E+07;2.92E+07;autotrophy
T2F-13C-3-0-1-um;T2F-13C-3-0-1-um;2019;H52;Autotrophy;Autotrophy;21;3weeks;11-2019 04 12 H52 autotrophy;11-Autotrophy;H52AutoSIP;BMH;autotrophy;autotrophy;yes;0.1;anoxic;yes;yes;no;yes;no;no;no;no;no;no;no;no;NA;NA;NA;autotrophy
T2F-13C-3-0-2-um;T2F-13C-3-0-2-um;2019;H52;Autotrophy;Autotrophy;21;3weeks;11-2019 04 12 H52 autotrophy;11-Autotrophy;H52AutoSIP;BMH;autotrophy;autotrophy;yes;0.2;anoxic;yes;yes;no;yes;no;no;no;no;no;no;no;no;7.41E+04;7.41E+04;2.70E+04;autotrophy
T2F-2-0-1-um;T2F-2-0-1-um;2019;H52;Autotrophy;Autotrophy;21;3weeks;11-2019 04 12 H52 autotrophy;11-Autotrophy;H52AutoSIP;BMH;autotrophy;autotrophy;yes;0.1;anoxic;yes;yes;no;yes;no;no;no;no;no;no;no;no;NA;NA;NA;autotrophy
T2F-2-0-2-um;T2F-2-0-2-um;2019;H52;Autotrophy;Autotrophy;21;3weeks;11-2019 04 12 H52 autotrophy;11-Autotrophy;H52AutoSIP;BMH;autotrophy;autotrophy;yes;0.2;anoxic;yes;yes;no;yes;no;no;no;no;no;no;no;no;2.95E+07;2.95E+07;4.46E+04;autotrophy
T2F-3-0-1-um;T2F-3-0-1-um;2019;H52;Autotrophy;Autotrophy;21;3weeks;11-2019 04 12 H52 autotrophy;11-Autotrophy;H52AutoSIP;BMH;autotrophy;autotrophy;yes;0.1;anoxic;yes;yes;no;yes;no;no;no;no;no;no;no;no;NA;NA;NA;autotrophy
T2F-3-0-2-um;T2F-3-0-2-um;2019;H52;Autotrophy;Autotrophy;21;3weeks;11-2019 04 12 H52 autotrophy;11-Autotrophy;H52AutoSIP;BMH;autotrophy;autotrophy;yes;0.2;anoxic;yes;yes;no;yes;no;no;no;no;no;no;no;no;4.32E+05;4.32E+05;2.74E+04;autotrophy
T3-1-0-1-um;T3-1-0-1-um;2019;H52;Autotrophy;Autotrophy;42;>3weeks;11-2019 04 12 H52 autotrophy;11-Autotrophy;H52AutoSIP;BMH;autotrophy;autotrophy;no;0.1;anoxic;yes;yes;no;yes;no;no;no;no;no;no;no;no;NA;NA;NA;autotrophy
T3-1-0-2-um;T3-1-0-2-um;2019;H52;Autotrophy;Autotrophy;42;>3weeks;11-2019 04 12 H52 autotrophy;11-Autotrophy;H52AutoSIP;BMH;autotrophy;autotrophy;no;0.2;anoxic;yes;yes;no;yes;no;no;no;no;no;no;no;no;4.23E+09;4.23E+09;7.42E+08;autotrophy
T3-13C-1-0-1-um;T3-13C-1-0-1-um;2019;H52;Autotrophy;Autotrophy;42;>3weeks;11-2019 04 12 H52 autotrophy;11-Autotrophy;H52AutoSIP;BMH;autotrophy;autotrophy;no;0.1;anoxic;yes;yes;no;yes;no;no;no;no;no;no;no;no;NA;NA;NA;autotrophy
T3-13C-1-0-2-um;T3-13C-1-0-2-um;2019;H52;Autotrophy;Autotrophy;42;>3weeks;11-2019 04 12 H52 autotrophy;11-Autotrophy;H52AutoSIP;BMH;autotrophy;autotrophy;no;0.2;anoxic;yes;yes;no;yes;no;no;no;no;no;no;no;no;1.23E+09;1.23E+09;1.94E+08;autotrophy
T3-13C-2-0-1-um;T3-13C-2-0-1-um;2019;H52;Autotrophy;Autotrophy;42;>3weeks;11-2019 04 12 H52 autotrophy;11-Autotrophy;H52AutoSIP;BMH;autotrophy;autotrophy;no;0.1;anoxic;yes;yes;no;yes;no;no;no;no;no;no;no;no;NA;NA;NA;autotrophy
T3-13C-2-0-2-um;T3-13C-2-0-2-um;2019;H52;Autotrophy;Autotrophy;42;>3weeks;11-2019 04 12 H52 autotrophy;11-Autotrophy;H52AutoSIP;BMH;autotrophy;autotrophy;no;0.2;anoxic;yes;yes;no;yes;no;no;no;no;no;no;no;no;1.10E+10;1.10E+10;3.02E+09;autotrophy
T3-13C-3-0-1-um;T3-13C-3-0-1-um;2019;H52;Autotrophy;Autotrophy;42;>3weeks;11-2019 04 12 H52 autotrophy;11-Autotrophy;H52AutoSIP;BMH;autotrophy;autotrophy;no;0.1;anoxic;yes;yes;no;yes;no;no;no;no;no;no;no;no;NA;NA;NA;autotrophy
T3-13C-3-0-2-um;T3-13C-3-0-2-um;2019;H52;Autotrophy;Autotrophy;42;>3weeks;11-2019 04 12 H52 autotrophy;11-Autotrophy;H52AutoSIP;BMH;autotrophy;autotrophy;no;0.2;anoxic;yes;yes;no;yes;no;no;no;no;no;no;no;no;1.44E+09;1.44E+09;3.74E+08;autotrophy
T3-2-0-1-um;T3-2-0-1-um;2019;H52;Autotrophy;Autotrophy;42;>3weeks;11-2019 04 12 H52 autotrophy;11-Autotrophy;H52AutoSIP;BMH;autotrophy;autotrophy;no;0.1;anoxic;yes;yes;no;yes;no;no;no;no;no;no;no;no;NA;NA;NA;autotrophy
T3-2-0-2-um;T3-2-0-2-um;2019;H52;Autotrophy;Autotrophy;42;>3weeks;11-2019 04 12 H52 autotrophy;11-Autotrophy;H52AutoSIP;BMH;autotrophy;autotrophy;no;0.2;anoxic;yes;yes;no;yes;no;no;no;no;no;no;no;no;3.58E+09;3.58E+09;2.29E+08;autotrophy
T3-3-0-1-um;T3-3-0-1-um;2019;H52;Autotrophy;Autotrophy;42;>3weeks;11-2019 04 12 H52 autotrophy;11-Autotrophy;H52AutoSIP;BMH;autotrophy;autotrophy;no;0.1;anoxic;yes;yes;no;yes;no;no;no;no;no;no;no;no;NA;NA;NA;autotrophy
T3-3-0-2-um;T3-3-0-2-um;2019;H52;Autotrophy;Autotrophy;42;>3weeks;11-2019 04 12 H52 autotrophy;11-Autotrophy;H52AutoSIP;BMH;autotrophy;autotrophy;no;0.2;anoxic;yes;yes;no;yes;no;no;no;no;no;no;no;no;2.12E+09;2.12E+09;7.66E+07;autotrophy
T3F-1-0-1-um;T3F-1-0-1-um;2019;H52;Autotrophy;Autotrophy;42;>3weeks;11-2019 04 12 H52 autotrophy;11-Autotrophy;H52AutoSIP;BMH;autotrophy;autotrophy;yes;0.1;anoxic;yes;yes;no;yes;no;no;no;no;no;no;no;no;NA;NA;NA;autotrophy
T3F-1-0-2-um;T3F-1-0-2-um;2019;H52;Autotrophy;Autotrophy;42;>3weeks;11-2019 04 12 H52 autotrophy;11-Autotrophy;H52AutoSIP;BMH;autotrophy;autotrophy;yes;0.2;anoxic;yes;yes;no;yes;no;no;no;no;no;no;no;no;4.61E+07;4.61E+07;7.61E+06;autotrophy
T3F-13C-1-0-1-um;T3F-13C-1-0-1-um;2019;H52;Autotrophy;Autotrophy;42;>3weeks;11-2019 04 12 H52 autotrophy;11-Autotrophy;H52AutoSIP;BMH;autotrophy;autotrophy;yes;0.1;anoxic;yes;yes;no;yes;no;no;no;no;no;no;no;no;NA;NA;NA;autotrophy
T3F-13C-1-0-2-um;T3F-13C-1-0-2-um;2019;H52;Autotrophy;Autotrophy;42;>3weeks;11-2019 04 12 H52 autotrophy;11-Autotrophy;H52AutoSIP;BMH;autotrophy;autotrophy;yes;0.2;anoxic;yes;yes;no;yes;no;no;no;no;no;no;no;no;1.37E+07;1.37E+07;8.63E+05;autotrophy
T3F-13C-2-0-1-um;T3F-13C-2-0-1-um;2019;H52;Autotrophy;Autotrophy;42;>3weeks;11-2019 04 12 H52 autotrophy;11-Autotrophy;H52AutoSIP;BMH;autotrophy;autotrophy;yes;0.1;anoxic;yes;yes;no;yes;no;no;no;no;no;no;no;no;NA;NA;NA;autotrophy
T3F-13C-2-0-2-um;T3F-13C-2-0-2-um;2019;H52;Autotrophy;Autotrophy;42;>3weeks;11-2019 04 12 H52 autotrophy;11-Autotrophy;H52AutoSIP;BMH;autotrophy;autotrophy;yes;0.2;anoxic;yes;yes;no;yes;no;no;no;no;no;no;no;no;1.30E+08;1.30E+08;2.24E+07;autotrophy
T3F-13C-3-0-1-um;T3F-13C-3-0-1-um;2019;H52;Autotrophy;Autotrophy;42;>3weeks;11-2019 04 12 H52 autotrophy;11-Autotrophy;H52AutoSIP;BMH;autotrophy;autotrophy;yes;0.1;anoxic;yes;yes;no;yes;no;no;no;no;no;no;no;no;NA;NA;NA;autotrophy
T3F-13C-3-0-2-um;T3F-13C-3-0-2-um;2019;H52;Autotrophy;Autotrophy;42;>3weeks;11-2019 04 12 H52 autotrophy;11-Autotrophy;H52AutoSIP;BMH;autotrophy;autotrophy;yes;0.2;anoxic;yes;yes;no;yes;no;no;no;no;no;no;no;no;7.49E+06;7.49E+06;2.65E+05;autotrophy
T3F-2-0-1-um;T3F-2-0-1-um;2019;H52;Autotrophy;Autotrophy;42;>3weeks;11-2019 04 12 H52 autotrophy;11-Autotrophy;H52AutoSIP;BMH;autotrophy;autotrophy;yes;0.1;anoxic;yes;yes;no;yes;no;no;no;no;no;no;no;no;NA;NA;NA;autotrophy
T3F-2-0-2-um;T3F-2-0-2-um;2019;H52;Autotrophy;Autotrophy;42;>3weeks;11-2019 04 12 H52 autotrophy;11-Autotrophy;H52AutoSIP;BMH;autotrophy;autotrophy;yes;0.2;anoxic;yes;yes;no;yes;no;no;no;no;no;no;no;no;3.09E+06;3.09E+06;3.48E+05;autotrophy
T3F-3-0-1-um;T3F-3-0-1-um;2019;H52;Autotrophy;Autotrophy;42;>3weeks;11-2019 04 12 H52 autotrophy;11-Autotrophy;H52AutoSIP;BMH;autotrophy;autotrophy;yes;0.1;anoxic;yes;yes;no;yes;no;no;no;no;no;no;no;no;NA;NA;NA;autotrophy
T3F-3-0-2-um;T3F-3-0-2-um;2019;H52;Autotrophy;Autotrophy;42;>3weeks;11-2019 04 12 H52 autotrophy;11-Autotrophy;H52AutoSIP;BMH;autotrophy;autotrophy;yes;0.2;anoxic;yes;yes;no;yes;no;no;no;no;no;no;no;no;1.79E+07;1.79E+07;3.97E+06;autotrophy
u;u;2021;H52;Autotrophy;Autotrophy;69;>3weeks;12-2021 01 14Autotrophy-SIPsulf;12-Autotrophy;AutotrophyEnr;MT;autotrophy;autotrophy;no;0.2;anoxic;no;yes;yes;yes;no;no;no;no;no;no;no;no;2.40E+09;2.40E+09;3.49E+08;autotrophy
v;v;2021;H52;Autotrophy;Autotrophy;69;>3weeks;12-2021 01 14Autotrophy-SIPsulf;12-Autotrophy;AutotrophyEnr;MT;autotrophy;autotrophy;no;0.2;anoxic;yes;yes;no;yes;no;no;no;no;no;no;no;no;1.33E+09;1.33E+09;4.12E+08;autotrophy
w;w;2021;H52;Autotrophy;Autotrophy;69;>3weeks;12-2021 01 14Autotrophy-SIPsulf;12-Autotrophy;AutotrophyEnr;MT;autotrophy;autotrophy;no;0.2;anoxic;yes;yes;no;yes;no;no;no;no;no;no;no;no;1.45E+08;1.45E+08;1.61E+07;autotrophy
x;x;2021;H52;Autotrophy;Autotrophy;69;>3weeks;12-2021 01 14Autotrophy-SIPsulf;12-Autotrophy;AutotrophyEnr;MT;autotrophy;autotrophy;no;0.2;anoxic;yes;yes;no;yes;no;no;no;no;no;no;no;no;2.77E+09;2.77E+09;2.27E+08;autotrophy
